cluster,size,seed,annotation,tree_name
0,45,AAQ04822.2,II,II.43
1,131,WP_106857372.1,I-CD2,I-CD2.43
2,535,RWP03589.1,I-CD2,I-CD2.33
3,41106,QHN53519.1,I-CD1,I-CD1.2
4,4525,BBE28301.1,I-CD2,I-CD2.44
5,100,MBA2307819.1,I-CD2,I-CD2.32
6,307,WP_120443319.1,I-CD2,I-CD2.3
7,537,WP_024579684.1,I-CD2,I-CD2.20
8,9,MBB1557554.1,II-III,II-III.13
9,32,WP_016329934.1,I-CD2,I-CD2.22
10,166,WP_078540934.1,I-A,I-A.3
11,147,WP_036492453.1,I-CD2,I-CD2.9
12,34,WP_013037391.1,II-III,II-III.26
13,247,TARA_009.SAMEA2619531.5.0.22-1.6_1339512_13,I-A,I-A.23
14,270,WP_043107373.1,II,II.34
15,27,VDD89010.1,III,III.443
16,1,NCF14810.1,II,II.18
17,62,WP_132950164.1,II,II.29
18,2,RRD94150.1,IV-Ykr-2,IV-Ykr-2.29
19,1,NHI94319.1,IV-Ykr-2,IV-Ykr-2.83
20,3,WP_176229643.1,IV-Ykr-2,IV-Ykr-2.72
21,11,WP_088865093.1,III,III.367
22,2,TFH33364.1,IV-Ykr-2,IV-Ykr-2.85
23,5,VDD89155.1,III,III.85
24,8,NLM88879.1,IV-Ykr-2,IV-Ykr-2.32
25,4,cg1_0.2_scaffold_2874_c_10,IV-Ykr-2,IV-Ykr-2.9
26,41,WP_011661875.1,IV-Photo,IV-Photo.50
27,5,NHW23919.1,III,III.364
28,60,WP_092129866.1,IV-NonPhoto,IV-NonPhoto.223
29,486,QID57536.1,I-CD2,I-CD2.31
30,100,WP_056562289.1,IV-NonPhoto,IV-NonPhoto.219
31,1,VVB56857.1,Unknown,Unknown.69
32,4,WP_188907706.1,IV-NonPhoto,IV-NonPhoto.425
33,5,WP_094048765.1,IV-NG1,IV-NG1.41
34,34,WP_045299764.1,IV-NG2,IV-NG2.22
35,1,WP_110032519.1,IV-NonPhoto,IV-NonPhoto.346
36,13,WP_144811339.1,IV-NonPhoto,IV-NonPhoto.55
37,7,NYT80693.1,IV-NonPhoto,IV-NonPhoto.67
38,3,WP_149871945.1,IV-NG1,IV-NG1.4
39,2,WP_161349777.1,IV-NonPhoto,IV-NonPhoto.181
40,1,WP_150864205.1,IV-NonPhoto,IV-NonPhoto.142
41,2,WP_188530592.1,IV-NG1,IV-NG1.16
42,4,WP_028522251.1,IV-NonPhoto,IV-NonPhoto.237
43,7,WP_076337452.1,IV-NG1,IV-NG1.12
44,374,WP_183781633.1,IV-NonPhoto,IV-NonPhoto.334
45,7,WP_190995843.1,IV-NonPhoto,IV-NonPhoto.189
46,4,WP_102651751.1,IV-NonPhoto,IV-NonPhoto.311
47,5,WP_071506798.1,IV-NonPhoto,IV-NonPhoto.162
48,81,WP_061167361.1,IV-NonPhoto,IV-NonPhoto.350
49,3,WP_146784811.1,IV-NonPhoto,IV-NonPhoto.183
50,7,WP_194885832.1,IV-NonPhoto,IV-NonPhoto.373
51,4,HGE30803.1,III,III.122
52,4,HER54410.1,III,III.159
53,1655,AAS13410.1,I-CD2,I-CD2.50
54,1,TARA_067.SAMEA2620979.5.0.22-0.45_599637_11,IV-GOS,IV-GOS.46
55,7,VDD88872.1,III,III.53
56,9,MRR07449.1,IV-NG3,IV-NG3.47
57,1,TMG81632.1,IV-Deep-Ykr,IV-Deep-Ykr.124
58,18,WP_164725665.1,IV-Deep-Ykr,IV-Deep-Ykr.229
59,2,WP_025429501.1,IV-Deep-Ykr,IV-Deep-Ykr.120
60,19,NMC88491.1,III,III.319
61,8,OYT59766.1,III,III.375
62,2,WP_148022396.1,IV-NG2,IV-NG2.4
63,13,VDD89243.1,III,III.345
64,1,HGU03034.1,IV-Unknown,IV-Unknown.13
65,1,VDD89244.1,III,III.403
66,2,TARA_152.SAMEA2623907.800.0.22-3_2673518_6,IV-NonPhoto,IV-NonPhoto.465
67,9,HIJ34913.1,II,II.51
68,2,HEC95508.1,Unknown,Unknown.74
69,6,RBG_16_Anaeromyxobacter_69_14_RBG_16_scaffold_568_150,I-CD2,I-CD2.1
70,1,TARA_138.SAMEA2623390.450.0.22-3_1579609_5,II-III,II-III.35
71,2,PIU22523.1,II-III,II-III.14
72,8,RME84037.1,I-NG1,I-NG1.2
73,465,WP_142653310.1,I-B,I-B.1
74,14,PKQ23435.1,II,II.28
75,6,NLA41931.1,IV-Ykr-2,IV-Ykr-2.98
76,7,VDD89233.1,II-III,II-III.25
77,4,NLG30071.1,IV-Ykr-2,IV-Ykr-2.103
78,1,WP_119086582.1,IV-Ykr-2,IV-Ykr-2.20
79,19,1YKW_A,IV-Photo,IV-Photo.23
80,2,WP_138268676.1,IV-Ykr-2,IV-Ykr-2.34
81,10,WP_131463480.1,IV-NG2,IV-NG2.3
82,1,HIH40633.1,IV-Ykr-2,IV-Ykr-2.27
83,1,NYZ77943.1,III,III.176
84,21,WP_145863085.1,IV-NonPhoto,IV-NonPhoto.331
85,6,PWB56828.1,III,III.48
86,34,WP_176536369.1,IV-NonPhoto,IV-NonPhoto.119
87,38,WP_048132138.1,III,III.271
88,2,WP_129221910.1,IV-NonPhoto,IV-NonPhoto.280
89,37,WP_054208324.1,IV-NonPhoto,IV-NonPhoto.277
90,3,NHV45115.1,IV-NG3,IV-NG3.33
91,26,TARA_041.SAMEA2620194.5.0.22-1.6_842022_6,IV-NonPhoto,IV-NonPhoto.455
92,2,WP_174703323.1,IV-NonPhoto,IV-NonPhoto.15
93,8,WP_089422912.1,IV-NonPhoto,IV-NonPhoto.122
94,48,WP_181167183.1,IV-NonPhoto,IV-NonPhoto.217
95,2,TARA_094.SAMEA2621839.5.0.22-3_2219249_4,IV-GOS,IV-GOS.19
96,13,WP_064243141.1,IV-NonPhoto,IV-NonPhoto.298
97,13,TARA_096.SAMEA2621859.5.0.22-3_2526709_29,IV-GOS,IV-GOS.33
98,2,WP_143417288.1,IV-NonPhoto,IV-NonPhoto.126
99,21,TARA_041.SAMEA2620194.5.0.22-1.6_604264_2,IV-NonPhoto,IV-NonPhoto.457
100,262,WP_140895569.1,IV-NonPhoto,IV-NonPhoto.360
101,13,WP_176855640.1,IV-NonPhoto,IV-NonPhoto.23
102,13,WP_000014180.1,IV-Ykr,IV-Ykr.7
103,6,OGJ12682.1,III,III.129
104,30,WP_151160962.1,III,III.230
105,2,OZA11585.1,IV-NonPhoto,IV-NonPhoto.403
106,1,WP_041154068.1,IV-NonPhoto,IV-NonPhoto.351
107,49,WP_155086062.1,IV-Deep-Ykr,IV-Deep-Ykr.247
108,1,TARA_048.SAMEA2620404.5.0.22-1.6_814953_5,IV-GOS,IV-GOS.44
109,5,WP_014962207.1,IV-Photo,IV-Photo.68
110,13,TARA_124.SAMEA2622763.5.0.1-0.22_24399_5,IV-GOS,IV-GOS.36
111,2,AHF06788.1,IV-Deep-Ykr,IV-Deep-Ykr.55
112,1,WP_062421436.1,IV-Deep-Ykr,IV-Deep-Ykr.57
113,2,BAD64310_Bacillus_clausii_KSM_K16_IV_YkrW,IV-Ykr,IV-Ykr.30
114,1,WP_139082424.1,IV-Deep-Ykr,IV-Deep-Ykr.338
115,1,WP_091642286.1,IV-Deep-Ykr,IV-Deep-Ykr.345
116,3,MSV91752.1,IV-Deep-Ykr,IV-Deep-Ykr.295
117,39,PLM3_1_170_b1_sep16_scaffold_118338_1|PLM3_1_170cm_b1_sep2016_UNK|PLM3_1_170cm_b1_sep2016,I-Banda,I-Banda.5
118,6,HAI70057.1,II,II.52
119,10,TARA_109.SAMEA2622316.5.0.22-3_2079919_8,IV-GOS,IV-GOS.86
120,3,HEJ75618.1,I-CD2,I-CD2.30
121,46,TLY59778.1,I-CD2,I-CD2.34
122,48,PCJ73328.1,II,II.4
123,1,VDD88657.1,III,III.444
124,3,WP_123103096.1,II,II.13
125,10,TARA_039.SAMEA2620106.270.0.1-0.22_7976_4,III,III.492
126,20,TARA_076.SAMEA2621242.800.0.45-0.8_1500856_8,IV-NG3,IV-NG3.82
127,6,NAZ27577.1,III,III.288
128,4,NLO21777.1,IV-Ykr-2,IV-Ykr-2.79
129,9,HEY74674.1,IV-Ykr-2,IV-Ykr-2.43
130,36,NTU44655.1,IV-Photo,IV-Photo.34
131,2,VDD88882.1,III,III.64
132,6,VDD89187.1,III,III.79
133,62,WP_053859447.1,IV-NonPhoto,IV-NonPhoto.262
134,1,WP_091911238.1,IV-NonPhoto,IV-NonPhoto.214
135,7,WP_050469458.1,IV-NonPhoto,IV-NonPhoto.212
136,1,KQC10437.1,III,III.156
137,2,MBA4404753.1,III,III.9
138,2,NPV62580.1,III,III.246
139,3,MRG76228.1,III,III.284
140,1,HFZ05501.1,III,III.218
141,27,WP_041813379.1,IV-NonPhoto,IV-NonPhoto.248
142,29,WP_184168458.1,IV-NonPhoto,IV-NonPhoto.64
143,13,YP003178578_Halomicrobium_mukohataei_DSM_12286,III,III.468
144,1,TVR70006.1,IV-NonPhoto,IV-NonPhoto.59
145,1,NND05845.1,IV-NonPhoto,IV-NonPhoto.242
146,1,WP_084090517.1,IV-Photo,IV-Photo.74
147,114,WP_160870463.1,IV-NonPhoto,IV-NonPhoto.394
148,8,WP_067223005.1,IV-NonPhoto,IV-NonPhoto.384
149,2,WP_041112594.1,IV-NonPhoto,IV-NonPhoto.145
150,7,MBS14778.1,IV-NonPhoto,IV-NonPhoto.152
151,1,HGO73122.1,IV-NonPhoto,IV-NonPhoto.209
152,31,WP_180907573.1,IV-NonPhoto,IV-NonPhoto.302
153,4,HGU76250.1,III,III.120
154,9,TARA_110.SAMEA2622402.50.0.22-3_2354052_7,IV-GOS,IV-GOS.45
155,20,TARA_031.SAMEA2619815.5.0-0.22_3691_3,IV-GOS,IV-GOS.50
156,3,WP_038115757.1,IV-Deep-Ykr,IV-Deep-Ykr.241
157,1,WP_127134780.1,IV-Deep-Ykr,IV-Deep-Ykr.326
158,2,MBD8975199.1,IV-Deep-Ykr,IV-Deep-Ykr.184
159,4,PYO62011.1,IV-Deep-Ykr,IV-Deep-Ykr.87
160,4,VDD88811.1,III,III.276
161,3,VDD89152.1,III,III.455
162,7,VDD88694.1,III,III.394
163,1,ADJ38508.1,II,II.50
164,366,TARA_109.SAMEA2622362.380.0.22-3_387614_2,I-A,I-A.24
165,101,HHS94388.1,II,II.27
166,28,AAC02930.1,I-CD2,I-CD2.64
167,1,PHU19935.1,I-CD1,I-CD1.39
168,45,WP_167731531.1,III,III.342
169,3,KUJ93020.1,III,III.337
170,2,GWA2_CP_45_12_gwa2_scaffold_895_11,IV-Photo,IV-Photo.2
171,1,RBG_13_Chloroflexi_RBG9_66_10_RBG_13_scaffold_17084_3,IV-Ykr-2,IV-Ykr-2.8
172,10,VDD88834.1,IV-Photo,IV-Photo.67
173,2,MBD3389749.1,III,III.62
174,16,WP_062011801.1,IV-NonPhoto,IV-NonPhoto.204
175,7,WP_189381785.1,IV-NonPhoto,IV-NonPhoto.108
176,1,TFG00367.1,Unknown,Unknown.28
177,10,AAB99239_Methanocaldococcus_jannaschii_DSM_2661_III,III,III.465
178,3,WP_145642715.1,IV-NonPhoto,IV-NonPhoto.420
179,2,WP_062228053.1,IV-NonPhoto,IV-NonPhoto.388
180,1,WP_067291697.1,IV-NonPhoto,IV-NonPhoto.84
181,6,OJV68446.1,IV-NonPhoto,IV-NonPhoto.95
182,1,NLI62282.1,IV-NG3,IV-NG3.57
183,2,WP_020449584.1,IV-NG3,IV-NG3.68
184,6,WP_034834381.1,IV-NonPhoto,IV-NonPhoto.378
185,4,WP_136590588.1,III,III.308
186,2,WP_160906238.1,IV-NonPhoto,IV-NonPhoto.177
187,2,RLJ05004.1,III,III.275
188,2,VDS11145.1,III,III.333
189,6,HFT98502.1,III,III.116
190,1,WP_147704887.1,IV-Deep-Ykr,IV-Deep-Ykr.393
191,1,NLL06996.1,IV-Deep-Ykr,IV-Deep-Ykr.30
192,3,BBD55863.1,IV-Ykr,IV-Ykr.21
193,2,VDD88784.1,III,III.151
194,1,WP_037110463.1,IV-Deep-Ykr,IV-Deep-Ykr.129
195,5,WP_182746602.1,IV-Deep-Ykr,IV-Deep-Ykr.336
196,15,WP_119018778.1,IV-Deep-Ykr,IV-Deep-Ykr.375
197,1,OJU10907.1,IV-Deep-Ykr,IV-Deep-Ykr.152
198,27,TARA_138.SAMEA2623350.5.0.22-3_1221682_4,IV-Deep-Ykr,IV-Deep-Ykr.409
199,22,HCX38882.1,III,III.451
200,2,HAJ36692.1,IV-Deep-Ykr,IV-Deep-Ykr.187
201,1,MSP20533.1,I-CD2,I-CD2.47
202,16,WP_134390979.1,I-CD2,I-CD2.29
203,4,KAF0167419.1,I-A,I-A.11
204,1,PSO46349.1,I-CD2,I-CD2.19
205,3,KAF0233182.1,II,II.16
206,9,WP_106001968.1,II,II.32
207,3,VDS11140.1,II-III,II-III.27
208,1,WP_028709495.1,IV-Ykr-2,IV-Ykr-2.87
209,6,WP_120795960.1,IV-Photo,IV-Photo.59
210,5,cg_0.2_sub10_scaffold_1045_c_18,III,III.5
211,2,NNF46165.1,IV-Photo,IV-Photo.14
212,2,WP_100002012.1,IV-NonPhoto,IV-NonPhoto.91
213,1,WP_046170552.1,IV-NonPhoto,IV-NonPhoto.303
214,1,MBE1375693.1,IV-NonPhoto,IV-NonPhoto.257
215,4,WP_029003878.1,IV-NonPhoto,IV-NonPhoto.201
216,3,WP_159992670.1,IV-NonPhoto,IV-NonPhoto.229
217,7,VDD88940.1,III,III.132
218,32,WP_141941012.1,IV-NG2,IV-NG2.29
219,9,TARA_122.SAMEA2622673.600.0.22-3_2766393_12,IV-NonPhoto,IV-NonPhoto.458
220,11,WP_129151845.1,IV-NonPhoto,IV-NonPhoto.235
221,10,WP_006056824.1,III,III.252
222,6,MBB5790147.1,IV-NG2,IV-NG2.24
223,11,WP_161407444.1,IV-NG1,IV-NG1.6
224,3,WP_133700242.1,IV-NonPhoto,IV-NonPhoto.433
225,38,WP_092931761.1,III,III.186
226,2,TARA_037.SAMEA2619974.600.0.1-0.22_25453_3,III,III.482
227,8,WP_196292650.1,IV-NonPhoto,IV-NonPhoto.300
228,5,WP_012114910.1,IV-NonPhoto,IV-NonPhoto.272
229,5,NLK25355.1,IV-NG3,IV-NG3.61
230,1,RLI92301.1,III,III.93
231,5,TARA_030.SAMEA2591108.5.0.22-1.6_214210_9,IV-GOS,IV-GOS.22
232,1,TARA_094.SAMEA2621839.5.0.22-3_506615_6,IV-GOS,IV-GOS.70
233,1,EES52277.1,IV-Photo,IV-Photo.61
234,1,EES52739.1,IV-Ykr,IV-Ykr.29
235,1,RZN61779.1,IV-NG3,IV-NG3.7
236,1,TARA_052.SAMEA2620588.75.0-0.22_18_28,IV-GOS,IV-GOS.72
237,4,KQC16418.1,IV-NG3,IV-NG3.22
238,2,TMH68537.1,IV-Deep-Ykr,IV-Deep-Ykr.289
239,2,WP_174511559.1,IV-Deep-Ykr,IV-Deep-Ykr.281
240,1,MSQ68069.1,IV-Deep-Ykr,IV-Deep-Ykr.263
241,5,TVT69926.1,IV-Deep-Ykr,IV-Deep-Ykr.371
242,5,MSY14785.1,IV-Deep-Ykr,IV-Deep-Ykr.322
243,4,VDD88753.1,III,III.361
244,5,VDD89249.1,III,III.241
245,73,HBQ44160.1,I-A,I-A.2
246,2,PLM1_60cm,I-Banda,I-Banda.8
247,2,HGQ36863.1,IV-NG3,IV-NG3.24
248,3,WP_127077099.1,IV-Photo,IV-Photo.19
249,3,OIQ31125.1,IV-NonPhoto,IV-NonPhoto.121
250,1,WP_090486686.1,IV-Photo,IV-Photo.31
251,5,ANY83492.1,IV-NonPhoto,IV-NonPhoto.132
252,3,NHW88692.1,III,III.371
253,2,WP_090537962.1,IV-NonPhoto,IV-NonPhoto.230
254,1,VDD89260.1,III,III.259
255,1,TXT59762.1,Unknown,Unknown.47
256,11,TARA_137.SAMEA2623314.375.0.22-3_679068_26,III,III.475
257,2,WP_128176571.1,IV-NonPhoto,IV-NonPhoto.211
258,1,WP_188757613.1,IV-NonPhoto,IV-NonPhoto.52
259,40,WP_015014005.1,IV-NonPhoto,IV-NonPhoto.104
260,7,WP_025371524.1,IV-NonPhoto,IV-NonPhoto.269
261,10,WP_046078050.1,IV-NonPhoto,IV-NonPhoto.65
262,18,WP_171629773.1,IV-NG1,IV-NG1.37
263,2,VDD89227.1,III,III.13
264,7,WP_019941043.1,IV-NonPhoto,IV-NonPhoto.325
265,7,WP_074621785.1,IV-NonPhoto,IV-NonPhoto.246
266,13,WP_138207869.1,IV-NG2,IV-NG2.30
267,14,WP_049807375.1,IV-NonPhoto,IV-NonPhoto.409
268,4,RIFOXYA2_FULL_Elusimicrobia_related_50_26_rifoxya2_full_scaffold_3085_4,IV-Deep-Ykr,IV-Deep-Ykr.9
269,3,RIFCSPLOWO2_02_FULL_CP_44_10_rifcsplowo2_02_scaffold_2358_16,IV-Photo,IV-Photo.1
270,2,WP_015182169.1,IV-Ykr,IV-Ykr.13
271,1,HEY54525.1,IV-Deep-Ykr,IV-Deep-Ykr.153
272,1,NPV92652.1,IV-Deep-Ykr,IV-Deep-Ykr.94
273,1,OLP96165.1,Unknown,Unknown.100
274,1,WP_021098855.1,IV-Deep-Ykr,IV-Deep-Ykr.276
275,1,MBC5798601.1,IV-Deep-Ykr,IV-Deep-Ykr.316
276,2,TARA_030.SAMEA2591122.70.0.22-1.6_1763664_54,IV-Deep-Ykr,IV-Deep-Ykr.404
277,1,MSW75869.1,IV-Deep-Ykr,IV-Deep-Ykr.305
278,33,AGB58295.1,I-CD2,I-CD2.56
279,1,NDH68467.1,IV-NonPhoto,IV-NonPhoto.451
280,1,VDD89022.1,III,III.385
281,2,HEJ71667.1,IV-NG1,IV-NG1.42
282,12,TARA_078.SAMEA2621277.120.0.22-0.45_635296_1,IV-GOS,IV-GOS.21
283,12,PTQ54999.1,I-CD2,I-CD2.40
284,10,PSR26254.1,I-CD2,I-CD2.35
285,24,TLY80690.1,I-CD2,I-CD2.45
286,4,HEF87248.1,III,III.348
287,3,WP_131355997.1,IV-NG2,IV-NG2.2
288,1,WP_093035894.1,IV-NonPhoto,IV-NonPhoto.116
289,9,WP_097174819.1,IV-NonPhoto,IV-NonPhoto.32
290,9,HII98763.1,III,III.100
291,2,HDJ27045.1,III,III.83
292,10,WP_189471943.1,IV-NonPhoto,IV-NonPhoto.39
293,3,VVB83297.1,III,III.136
294,11,WP_060185220.1,IV-NonPhoto,IV-NonPhoto.125
295,2,VUT24509.1,Unknown,Unknown.9
296,6,GDY34716.1,IV-NonPhoto,IV-NonPhoto.135
297,6,WP_183448005.1,IV-NonPhoto,IV-NonPhoto.375
298,1,OQA68914.1,III,III.238
299,9,WP_056176806.1,IV-NonPhoto,IV-NonPhoto.445
300,3,ODT45829.1,IV-NonPhoto,IV-NonPhoto.386
301,2,HDO20793.1,III,III.274
302,3,WP_129049474.1,IV-NonPhoto,IV-NonPhoto.407
303,2,WP_091532692.1,IV-NG2,IV-NG2.26
304,3,CAB13232_Bacillus_subtilis_subsp_subtilis_str_168_IV_YkrW,IV-Ykr,IV-Ykr.31
305,5,WP_061152432.1,IV-NonPhoto,IV-NonPhoto.419
306,3,PIS42914.1,Unknown,Unknown.21
307,8,WP_111606264.1,IV-NonPhoto,IV-NonPhoto.256
308,1,MBC8463311.1,III,III.164
309,1,VDD89124.1,III,III.281
310,30,AAL46525.1,I-CD2,I-CD2.67
311,3,WP_012536136.1,IV-Ykr,IV-Ykr.28
312,1,WP_113887895.1,IV-Deep-Ykr,IV-Deep-Ykr.354
313,3,WP_109768467.1,IV-Deep-Ykr,IV-Deep-Ykr.339
314,3,WP_041795746.1,IV-Deep-Ykr,IV-Deep-Ykr.342
315,8,WP_112772013.1,IV-Deep-Ykr,IV-Deep-Ykr.185
316,5,TARA_078.SAMEA2621277.120.0.22-0.45_1032426_4,IV-Deep-Ykr,IV-Deep-Ykr.407
317,1,NBC27742.1,IV-Deep-Ykr,IV-Deep-Ykr.154
318,19,BAA95447.1,I-CD2,I-CD2.57
319,1,VDD89172.1,Unknown,Unknown.90
320,2,TARA_125.SAMEA2622821.5.0.1-0.22_697_47,IV-GOS,IV-GOS.77
321,3,VDD89161.1,Unknown,Unknown.18
322,1,YP_009677123.1,I-CD2,I-CD2.59
323,4,VDD89128.1,III,III.427
324,10,Q8RTI2.1,II,II.1
325,2,WP_164453627.1,IV-Photo,IV-Photo.55
326,3,NVM28570.1,IV-Ykr-2,IV-Ykr-2.89
327,6,RLE81544.1,III,III.258
328,1,VDD89052.1,III,III.58
329,5,WP_111360574.1,IV-Photo,IV-Photo.64
330,3,KRO50325.1,IV-NonPhoto,IV-NonPhoto.77
331,24,WP_152853679.1,IV-NonPhoto,IV-NonPhoto.196
332,7,WP_147235621.1,IV-NonPhoto,IV-NonPhoto.159
333,1,QDU90417.1,IV-NonPhoto,IV-NonPhoto.143
334,24,OGB37153.1,IV-NonPhoto,IV-NonPhoto.44
335,4,TARA_039.SAMEA2620106.270.0.1-0.22_1601_19,III,III.470
336,3,WP_015735252.1,IV-NG1,IV-NG1.36
337,10,HBS37188.1,IV-NonPhoto,IV-NonPhoto.20
338,1,VDD89167.1,III,III.38
339,2,WP_152010564.1,IV-NonPhoto,IV-NonPhoto.224
340,8,WP_158202804.1,III,III.222
341,3,2OEJ_A,IV-Ykr,IV-Ykr.9
342,2,WP_011456184.1,IV-NonPhoto,IV-NonPhoto.404
343,2,WP_023524832.1,IV-Ykr,IV-Ykr.27
344,3,GWD2_DPX3_57_9_gwd2_scaffold_1083_17,IV-Deep-Ykr,IV-Deep-Ykr.8
345,1,OYT20471.1,IV-Deep-Ykr,IV-Deep-Ykr.190
346,1,NOS72735.1,IV-NonPhoto,IV-NonPhoto.430
347,1,WP_012003714.1,IV-Deep-Ykr,IV-Deep-Ykr.26
348,9,TARA_030.SAMEA2591108.5.0.22-1.6_1861516_12,IV-Deep-Ykr,IV-Deep-Ykr.403
349,1,WP_136649559.1,IV-Deep-Ykr,IV-Deep-Ykr.391
350,2,HGW58645.1,IV-Deep-Ykr,IV-Deep-Ykr.64
351,4,VDD88938.1,III,III.304
352,2,WP_048151126.1,IV-NG3,IV-NG3.70
353,3,TARA_052.SAMEA2620542.5.0.22-1.6_449877_6,IV-GOS,IV-GOS.88
354,3,HIH32861.1,III,III.340
355,1,MPZ37206.1,IV-Deep-Ykr,IV-Deep-Ykr.367
356,3,WP_013515453.1,II,II.6
357,42,HIE78391.1,II,II.33
358,4,WP_185133818.1,IV-NG1,IV-NG1.8
359,3,AEB33274.1,I-CD1,I-CD1.17
360,2,RBG_16_CP_70_13_RBG_16_scaffold_22096_8,Unknown,Unknown.5
361,20,RifSed_csp1_16ft_3_scaffold_20887_2|RifSed_csp1_16ft_3_Bacteria_64_14|RifSed_csp1_16ft_3,I-Banda,I-Banda.6
362,2,HHY99582.1,IV-Ykr-2,IV-Ykr-2.74
363,1,HGZ23444.1,IV-Ykr-2,IV-Ykr-2.58
364,5,HGD93302.1,IV-NG3,IV-NG3.23
365,2,MBE0512917.1,IV-Ykr-2,IV-Ykr-2.13
366,5,KPL52776.1,IV-NonPhoto,IV-NonPhoto.374
367,1,WP_047784621.1,IV-NonPhoto,IV-NonPhoto.13
368,1,WP_158816469.1,IV-NonPhoto,IV-NonPhoto.338
369,1,VDD88772.1,III,III.167
370,3,WP_191059843.1,IV-NonPhoto,IV-NonPhoto.398
371,7,VDD89045.1,III,III.86
372,2,WP_111196763.1,IV-NonPhoto,IV-NonPhoto.392
373,1,WP_147649138.1,IV-NonPhoto,IV-NonPhoto.324
374,1,MBD3389131.1,III,III.188
375,1,WP_128563219.1,IV-NonPhoto,IV-NonPhoto.61
376,1,WP_090880030.1,IV-NonPhoto,IV-NonPhoto.93
377,16,TARA_141.SAMEA2623446.5.0.22-3_590178_4,IV-NonPhoto,IV-NonPhoto.459
378,3,TFG10482.1,IV-NG3,IV-NG3.35
379,3,TARA_025.SAMEA2619779.5.0-0.22_9470_2,IV-NonPhoto,IV-NonPhoto.463
380,3,WP_108503113.1,IV-NonPhoto,IV-NonPhoto.327
381,2,RLG33748.1,IV-NG3,IV-NG3.51
382,1,HGD17158.1,III,III.255
383,1,HDJ21618.1,III,III.148
384,1,VDD88718.1,III,III.242
385,1,HHD37712.1,III,III.137
386,1,BAC16243.2,I-CD2,I-CD2.63
387,1,TAJ92604.1,IV-Deep-Ykr,IV-Deep-Ykr.395
388,1,TKB89096.1,IV-Deep-Ykr,IV-Deep-Ykr.302
389,5,WP_123142203.1,IV-Deep-Ykr,IV-Deep-Ykr.90
390,1,NNE89976.1,IV-Deep-Ykr,IV-Deep-Ykr.356
391,2,VDS11144.1,III,III.454
392,4,ASY11078.1,IV-Deep-Ykr,IV-Deep-Ykr.260
393,1,NMC27473.1,IV-Deep-Ykr,IV-Deep-Ykr.41
394,8,TARA_066.SAMEA2620967.30.0-0.22_7541_184,IV-Deep-Ykr,IV-Deep-Ykr.411
395,1,AAO13858.1,I-CD1,I-CD1.37
396,4,PIN72082.1,III,III.400
397,1,VDD89118.1,III,III.389
398,2,VDD88685.1,III,III.433
399,5,KKQ04046.1,II-III,II-III.16
400,3,MBC8258666.1,II,II.26
401,1,VDS11152.1,III,III.206
402,4,HGN17772.1,III,III.365
403,2,RLG79454.1,III,III.305
404,9,HDZ17430.1,IV-Ykr-2,IV-Ykr-2.40
405,2,MBD3228327.1,IV-Ykr-2,IV-Ykr-2.56
406,2,RZN71180.1,IV-Ykr-2,IV-Ykr-2.81
407,1,WP_015279864.1,IV-Photo,IV-Photo.12
408,6,TARA_041.SAMEA2620217.60.0.22-1.6_1869720_2,III,III.493
409,1,NLH25041.1,III,III.97
410,1,VDS11143.1,III,III.249
411,1,HFU43321.1,III,III.212
412,3,MAH42520.1,III,III.320
413,5,WP_181160993.1,IV-NonPhoto,IV-NonPhoto.252
414,6,WP_056698556.1,IV-NonPhoto,IV-NonPhoto.276
415,7,WP_184763113.1,IV-NG2,IV-NG2.40
416,2,WP_128657652.1,IV-NG1,IV-NG1.34
417,14,WP_019713909.1,IV-NG1,IV-NG1.29
418,19,WP_184289909.1,IV-NonPhoto,IV-NonPhoto.172
419,12,WP_011012296.1,III,III.72
420,1,MBA4067610.1,IV-NonPhoto,IV-NonPhoto.215
421,4,WP_154792553.1,IV-NG2,IV-NG2.33
422,23,WP_088752741.1,IV-NonPhoto,IV-NonPhoto.26
423,2,RLI80075.1,III,III.35
424,8,TARA_125.SAMEA2622821.5.0.1-0.22_244_31,IV-GOS,IV-GOS.37
425,1,RLG03271.1,IV-Unknown,IV-Unknown.14
426,6,HAC05854.1,IV-Deep-Ykr,IV-Deep-Ykr.382
427,1,WP_037058063.1,IV-Deep-Ykr,IV-Deep-Ykr.244
428,1,NJL92951.1,IV-Deep-Ykr,IV-Deep-Ykr.29
429,2,MBE7472114.1,IV-Deep-Ykr,IV-Deep-Ykr.88
430,3,WP_032078137.1,IV-Deep-Ykr,IV-Deep-Ykr.46
431,4,KAI93974.1,IV-Deep-Ykr,IV-Deep-Ykr.347
432,170,QCT05663.1,I-CD2,I-CD2.54
433,118,WP_132732671.1,I-CD2,I-CD2.26
434,13,MSY59374.1,I-CD2,I-CD2.17
435,3,6HUN_A,III,III.211
436,5,TFG18158.1,IV-Ykr-2,IV-Ykr-2.63
437,1,RLE81439.1,IV-NG3,IV-NG3.30
438,6,NLC39443.1,IV-Ykr-2,IV-Ykr-2.101
439,4,WP_072849457.1,IV-Ykr-2,IV-Ykr-2.76
440,1,MBF0492301.1,IV-Photo,IV-Photo.15
441,1,HGN50929.1,IV-Ykr-2,IV-Ykr-2.14
442,2,TARA_037.SAMEA2619970.600.0.22-1.6_104217_2,IV-Unknown,IV-Unknown.21
443,1,VDD88828.1,III,III.43
444,3,RQD83746.1,III,III.165
445,4,WP_133854785.1,IV-NonPhoto,IV-NonPhoto.194
446,2,WP_061938383.1,IV-NonPhoto,IV-NonPhoto.385
447,14,MBE1310756.1,IV-NonPhoto,IV-NonPhoto.29
448,1,GBE19913.1,III,III.82
449,2,QIE43810.1,IV-NonPhoto,IV-NonPhoto.96
450,2,WP_135161662.1,IV-NonPhoto,IV-NonPhoto.63
451,1,NIQ06785.1,Unknown,Unknown.36
452,1,HGC54816.1,IV-NG3,IV-NG3.62
453,3,AMH95357.1,IV-NG3,IV-NG3.64
454,1,NLD66711.1,III,III.147
455,1,PKL91770.1,IV-Photo,IV-Photo.18
456,5,TARA_072.SAMEA2621132.5.0.22-3_1438618_7,IV-GOS,IV-GOS.28
457,1,TARA_128.SAMEA2622923.40.0.22-3_806555_7,IV-NonPhoto,IV-NonPhoto.464
458,6,WP_174591741.1,IV-NG3,IV-NG3.36
459,1,TVR34575.1,IV-Deep-Ykr,IV-Deep-Ykr.287
460,2,WP_026480674.1,IV-Deep-Ykr,IV-Deep-Ykr.346
461,1,ETA50001.1,IV-Deep-Ykr,IV-Deep-Ykr.399
462,2992,CAI30846.1,I-CD2,I-CD2.51
463,1,PZM99201.1,IV-Deep-Ykr,IV-Deep-Ykr.191
464,1,RMF76019.1,IV-Deep-Ykr,IV-Deep-Ykr.225
465,27,TARA_056.SAMEA2620651.5.0.22-3_897156_22,IV-GOS,IV-GOS.83
466,11,TARA_067.SAMEA2620979.5.0.22-0.45_1176137_1,IV-GOS,IV-GOS.29
467,10,NCO17974.1,II-III,II-III.11
468,28,Q59458.1,I-A,I-A.6
469,12,VDD89051.1,III,III.419
470,1,MSU61302.1,IV-NonPhoto,IV-NonPhoto.434
471,7,cg2_3.0_scaffold_1065_c_17,II-III,II-III.2
472,1,VDD89255.1,Unknown,Unknown.54
473,1,WP_116323962.1,IV-NonPhoto,IV-NonPhoto.50
474,2,VDD88930.1,III,III.145
475,5,HGY80246.1,IV-Ykr-2,IV-Ykr-2.21
476,1,RLG78081.1,III,III.37
477,1,NQU77245.1,Unknown,Unknown.61
478,2,NYT16468.1,III,III.88
479,3,TKJ25752.1,III,III.27
480,21,WP_064491904.1,IV-NonPhoto,IV-NonPhoto.9
481,1,NMB99940.1,Unknown,Unknown.30
482,5,WP_119398772.1,IV-NonPhoto,IV-NonPhoto.260
483,2,WP_094930412.1,IV-NG2,IV-NG2.38
484,1,RLG16502.1,III,III.161
485,4,ORE95492.1,IV-NonPhoto,IV-NonPhoto.279
486,6,WP_081164479.1,IV-NonPhoto,IV-NonPhoto.40
487,23,ODM47854.1,IV-NonPhoto,IV-NonPhoto.171
488,1,WP_148474963.1,IV-NonPhoto,IV-NonPhoto.301
489,1,NOZ81930.1,III,III.209
490,110,AAF97660.1,I-CD1,I-CD1.20
491,8,TARA_123.SAMEA2622715.5.0.22-0.45_1469451_18,IV-GOS,IV-GOS.35
492,4,Methanocella_arvoryzae_MRE50,IV-NG3,IV-NG3.81
493,2,TARA_025.SAMEA2619782.50.0.22-1.6_13149_6,IV-GOS,IV-GOS.31
494,2,HHN81738.1,Unknown,Unknown.67
495,1,WP_085284609.1,IV-Deep-Ykr,IV-Deep-Ykr.131
496,1,HGH02605.1,IV-Deep-Ykr,IV-Deep-Ykr.192
497,4,WP_058452149.1,IV-GOS,IV-GOS.4
498,3,OQY53149.1,IV-Deep-Ykr,IV-Deep-Ykr.101
499,1,NQZ95354.1,IV-Deep-Ykr,IV-Deep-Ykr.178
500,3,WP_134185494.1,IV-Deep-Ykr,IV-Deep-Ykr.333
501,1,QBR70402.1,IV-Deep-Ykr,IV-Deep-Ykr.164
502,1,WP_140457815.1,IV-Deep-Ykr,IV-Deep-Ykr.314
503,4,WP_128929477.1,I-CD2,I-CD2.60
504,1,HGU06036.1,IV-Ykr-2,IV-Ykr-2.66
505,8,HGI88409.1,III,III.323
506,3,WP_177268707.1,IV-Ykr-2,IV-Ykr-2.109
507,2,GBD94064.1,IV-Ykr-2,IV-Ykr-2.33
508,1,VVB65357.1,III,III.108
509,3,VDD89099.1,III,III.103
510,1,NTW71798.1,IV-Ykr-2,IV-Ykr-2.37
511,1,HGQ79017.1,III,III.351
512,8,TWE75100.1,IV-NonPhoto,IV-NonPhoto.318
513,1,RBG_16_Archaea_50_20_RBG_16_scaffold_16389_9,III,III.1
514,1,VDD89207.1,III,III.190
515,4,WP_072928203.1,IV-NonPhoto,IV-NonPhoto.5
516,1,MBC7437050.1,IV-NonPhoto,IV-NonPhoto.281
517,1,WP_188215660.1,IV-NonPhoto,IV-NonPhoto.332
518,3,WP_027282177.1,IV-NonPhoto,IV-NonPhoto.310
519,1,WP_188688715.1,IV-NG1,IV-NG1.18
520,2,OPY34858.1,IV-NG3,IV-NG3.37
521,1,WP_012641545.1,IV-NonPhoto,IV-NonPhoto.82
522,8,WP_015808559.1,IV-NonPhoto,IV-NonPhoto.391
523,7,WP_171706253.1,IV-NonPhoto,IV-NonPhoto.78
524,2,WP_093317524.1,IV-NonPhoto,IV-NonPhoto.205
525,1,WP_154338239.1,IV-NonPhoto,IV-NonPhoto.402
526,3,YP004341517_Archaeoglobus_veneficus_SNP6,III,III.462
527,3,WP_167607139.1,IV-NonPhoto,IV-NonPhoto.225
528,4,NBX60943.1,IV-NonPhoto,IV-NonPhoto.355
529,1,RLG17049.1,III,III.99
530,2,VDD88812.1,III,III.163
531,2,TARA_132.SAMEA2623059.5.0.22-3_2360982_6,IV-GOS,IV-GOS.54
532,1,VDS11136.1,III,III.20
533,3,WP_161707447.1,IV-Deep-Ykr,IV-Deep-Ykr.381
534,1,HCZ07400.1,IV-Deep-Ykr,IV-Deep-Ykr.35
535,5,WP_129159866.1,IV-Deep-Ykr,IV-Deep-Ykr.238
536,4,MYH50816.1,IV-Deep-Ykr,IV-Deep-Ykr.358
537,4,HHJ49847.1,I-NG1,I-NG1.5
538,6,TARA_124.SAMEA2622796.120.0.22-3_2096126_7,IV-Deep-Ykr,IV-Deep-Ykr.408
539,15,VDD88717.1,III,III.447
540,2,VDD88979.1,Unknown,Unknown.87
541,1,PHT40417.1,I-CD1,I-CD1.42
542,2,WP_048448716.1,IV-NonPhoto,IV-NonPhoto.447
543,462,PHT84069.1,I-CD1,I-CD1.11
544,1,VDD88906.1,Unknown,Unknown.82
545,4,ODS92108.1,I-CD2,I-CD2.14
546,1,HGE08046.1,III,III.424
547,2,OLS14417.1,IV-Ykr-2,IV-Ykr-2.120
548,4,NAZ25899.1,III,III.324
549,76,TXT26043.1,II,II.42
550,1,TET55442.1,IV-Unknown,IV-Unknown.11
551,2,RLF77532.1,III,III.291
552,1,PIU13224.1,III,III.192
553,1,MBC2717370.1,IV-Ykr-2,IV-Ykr-2.102
554,7,VDS11193.1,III,III.45
555,1,PKG32658.1,III,III.329
556,4,HGQ15829.1,III,III.157
557,2,AFH63276.1,IV-NG1,IV-NG1.25
558,7,WP_046793499.1,IV-NonPhoto,IV-NonPhoto.414
559,1,WP_068085920.1,IV-NonPhoto,IV-NonPhoto.16
560,2,WP_021818325.1,IV-NonPhoto,IV-NonPhoto.354
561,11,WP_089962528.1,IV-NonPhoto,IV-NonPhoto.274
562,7,WP_106690061.1,IV-NonPhoto,IV-NonPhoto.155
563,5,WP009365917_Halogranum_salarium_B1,III,III.467
564,2,MBC7108568.1,IV-NG3,IV-NG3.29
565,1,MYA10761.1,IV-Deep-Ykr,IV-Deep-Ykr.380
566,3,TARA_138.SAMEA2623390.450.0.22-3_626150_7,IV-Unknown,IV-Unknown.23
567,1,TARA_037.SAMEA2619974.600.0.1-0.22_25679_4,IV-Unknown,IV-Unknown.25
568,1,WP_054876466.1,IV-Deep-Ykr,IV-Deep-Ykr.62
569,1,HHV58704.1,IV-Deep-Ykr,IV-Deep-Ykr.186
570,1,VDD88766.1,III,III.312
571,20,TARA_122.SAMEA2622657.5.0.22-0.45_1220637_14,IV-GOS,IV-GOS.84
572,1,KPP95335.1,IV-Deep-Ykr,IV-Deep-Ykr.99
573,6,WP_023514682.1,IV-Deep-Ykr,IV-Deep-Ykr.203
574,3,TARA_038.SAMEA2620035.340.0.22-1.6_191852_1,III,III.483
575,1,MBF0355107.1,IV-Deep-Ykr,IV-Deep-Ykr.211
576,3,TARA_025.SAMEA2619779.5.0-0.22_8850_2,IV-GOS,IV-GOS.89
577,1,VDD88738.1,III,III.391
578,3,VDD89157.1,III,III.339
579,2,OBX37869.1,IV-NonPhoto,IV-NonPhoto.343
580,2,WP_109527411.1,I-CD2,I-CD2.21
581,4,HHL45267.1,II,II.45
582,1,TVQ84370.1,IV-Photo,IV-Photo.57
583,1,CCQ95102.1,IV-Ykr-2,IV-Ykr-2.15
584,3,WP_117559570.1,IV-Ykr-2,IV-Ykr-2.121
585,1,NVM30112.1,IV-NG3,IV-NG3.9
586,3,TFG25011.1,Unknown,Unknown.34
587,10,WP_092083508.1,IV-NonPhoto,IV-NonPhoto.238
588,3,WP_159591727.1,IV-NonPhoto,IV-NonPhoto.117
589,5,NHJ24039.1,III,III.182
590,14,WP_086093884.1,IV-NonPhoto,IV-NonPhoto.220
591,2,WP_120110234.1,IV-NG1,IV-NG1.9
592,1,SEP83205.1,IV-NonPhoto,IV-NonPhoto.203
593,1,WP_166314583.1,IV-NG2,IV-NG2.13
594,1,WP_142040743.1,IV-NG2,IV-NG2.43
595,1,TKJ17875.1,III,III.91
596,1,KXA91689.1,Unknown,Unknown.43
597,2,WP_036479128.1,IV-NonPhoto,IV-NonPhoto.247
598,8,HIG53303.1,IV-NonPhoto,IV-NonPhoto.70
599,1,OJX47942.1,IV-NonPhoto,IV-NonPhoto.88
600,4,MAW13064.1,IV-NonPhoto,IV-NonPhoto.106
601,1,WP_089670343.1,III,III.173
602,8,MBF9024547.1,IV-NonPhoto,IV-NonPhoto.259
603,9,MBE6524091.1,IV-NG3,IV-NG3.69
604,5,TRO53875.1,III,III.102
605,5,PKO03823.1,IV-Deep-Ykr,IV-Deep-Ykr.162
606,1,WP_162653440.1,IV-Deep-Ykr,IV-Deep-Ykr.364
607,2,WP_045474920.1,IV-Deep-Ykr,IV-Deep-Ykr.109
608,2,PIE90237.1,IV-Deep-Ykr,IV-Deep-Ykr.296
609,5,WP_027878024.1,IV-Deep-Ykr,IV-Deep-Ykr.114
610,1,TARA_110.SAMEA2622402.50.0.22-3_118769_5,IV-GOS,IV-GOS.11
611,1,MSO53855.1,IV-Deep-Ykr,IV-Deep-Ykr.317
612,4,AGW32477.1,II,II.56
613,3,HGU06449.1,IV-Unknown,IV-Unknown.15
614,21,HEU40971.1,I-CD2,I-CD2.46
615,125,AWX53290.1,I-CD1,I-CD1.3
616,3,OYT48665.1,III,III.317
617,1,HHZ16893.1,IV-Ykr-2,IV-Ykr-2.100
618,1,WP_021797854.1,IV-Ykr-2,IV-Ykr-2.128
619,5,KXH71633.1,IV-Ykr-2,IV-Ykr-2.51
620,2,NAY89925.1,III,III.297
621,1,WP_102222643.1,IV-NonPhoto,IV-NonPhoto.295
622,1,NYZ75117.1,III,III.303
623,1,RLG20169.1,III,III.41
624,1,WP_103934209.1,IV-NonPhoto,IV-NonPhoto.165
625,1,WP_094049502.1,IV-NG1,IV-NG1.10
626,2,TFF95820.1,Unknown,Unknown.10
627,2,WP_157014700.1,IV-NonPhoto,IV-NonPhoto.191
628,1,WP_136572280.1,IV-NonPhoto,IV-NonPhoto.309
629,4,WP_091382429.1,IV-NG2,IV-NG2.36
630,6,WP_028958369.1,IV-NonPhoto,IV-NonPhoto.251
631,2,WP_114750520.1,IV-NonPhoto,IV-NonPhoto.426
632,5,MBC7947403.1,IV-NonPhoto,IV-NonPhoto.83
633,6,HHJ05244.1,III,III.194
634,2,WP_002740716.1,IV-Ykr,IV-Ykr.24
635,2,NLE02268.1,IV-Deep-Ykr,IV-Deep-Ykr.66
636,1,NMB54343.1,IV-Deep-Ykr,IV-Deep-Ykr.12
637,3,GWA2_Elusimicrobia_69_24,IV-GOS,IV-GOS.7
638,7,VDD89183.1,III,III.355
639,1,MBE2225290.1,IV-NonPhoto,IV-NonPhoto.446
640,1,Q41407.1,II,II.54
641,3,RLF05449.1,IV-NG3,IV-NG3.28
642,6,WP_155450716.1,IV-Photo,IV-Photo.51
643,6,WP_012506346.1,IV-Photo,IV-Photo.29
644,1,WP_015325018.1,III,III.411
645,1,HHS69644.1,IV-Unknown,IV-Unknown.12
646,5,WP_187100931.1,IV-NG1,IV-NG1.13
647,6,WP_031382486.1,IV-NonPhoto,IV-NonPhoto.22
648,1,RLE70929.1,IV-NG3,IV-NG3.17
649,1,NOY14888.1,Unknown,Unknown.75
650,4,WP_012809551.1,IV-Ykr,IV-Ykr.16
651,1,ACDUNK_771_4,Unknown,Unknown.1
652,1,WP_150093890.1,IV-Deep-Ykr,IV-Deep-Ykr.89
653,9,MRG77572.1,IV-NG3,IV-NG3.25
654,3,MBC7080085.1,IV-NG3,IV-NG3.18
655,1,WP_184310684.1,IV-Deep-Ykr,IV-Deep-Ykr.50
656,1,MBC7809790.1,IV-Deep-Ykr,IV-Deep-Ykr.146
657,1,MBF0559314.1,IV-Deep-Ykr,IV-Deep-Ykr.38
658,1,VFJ90564.1,IV-Deep-Ykr,IV-Deep-Ykr.48
659,5,TARA_004.SAMEA2619376.5.0.22-1.6_5224_19,IV-GOS,IV-GOS.82
660,5,TARA_030.SAMEA2591122.70.0.22-1.6_1823072_3,IV-GOS,IV-GOS.85
661,3,XP_002508354.1,IV-Deep-Ykr,IV-Deep-Ykr.227
662,1,NHZ74054.1,IV-Deep-Ykr,IV-Deep-Ykr.222
663,2,TKW64902.1,IV-Deep-Ykr,IV-Deep-Ykr.351
664,3,HDZ31066.1,Unknown,Unknown.77
665,1,VDD89149.1,III,III.450
666,3,MBE3598770.1,I-NG1,I-NG1.1
667,6,HIK01242.1,III,III.435
668,1,MBD3185537.1,Unknown,Unknown.95
669,18,WP_153111782.1,II,II.14
670,5,HDM91862.1,III,III.328
671,1,WP_174246412.1,IV-NonPhoto,IV-NonPhoto.94
672,1,VVB76253.1,III,III.191
673,1,WP_066087190.1,IV-NonPhoto,IV-NonPhoto.27
674,4,MBC7120359.1,IV-NG3,IV-NG3.20
675,1,NLI55437.1,IV-Ykr-2,IV-Ykr-2.50
676,1,NDJ62417.1,IV-Photo,IV-Photo.53
677,3,WP_186399798.1,IV-NonPhoto,IV-NonPhoto.38
678,1,NMA44343.1,III,III.366
679,2,TARA_128.SAMEA2622923.40.0.22-3_2029233_12,IV-NG1,IV-NG1.43
680,76,ACD11552.1,I-CD1,I-CD1.8
681,1,WP_104133976.1,IV-NG2,IV-NG2.35
682,2,WP_145844013.1,III,III.203
683,2,ODT93535.1,IV-NonPhoto,IV-NonPhoto.140
684,2,WP_015591542.1,III,III.101
685,1,NLD67972.1,IV-Deep-Ykr,IV-Deep-Ykr.398
686,1,TARA_125.SAMEA2622823.5.0.45-0.8_146852_3,IV-GOS,IV-GOS.55
687,4,TARA_076.SAMEA2621242.800.0.45-0.8_2478531_22,IV-NonPhoto,IV-NonPhoto.461
688,1,NBS56032.1,IV-Deep-Ykr,IV-Deep-Ykr.240
689,7,TARA_099.SAMEA2622074.5.0.22-3_1320275_10,IV-GOS,IV-GOS.16
690,3,WP_054261132.1,IV-Deep-Ykr,IV-Deep-Ykr.80
691,1,NIM52323.1,IV-Deep-Ykr,IV-Deep-Ykr.253
692,1,WP_166583180.1,IV-Deep-Ykr,IV-Deep-Ykr.363
693,1,APV48220.1,IV-Deep-Ykr,IV-Deep-Ykr.118
694,1,KXA88671.1,Unknown,Unknown.81
695,1,PHT54990.1,I-CD1,I-CD1.32
696,2,NWJ96371.1,I-CD2,I-CD2.24
697,31,TMC90684.1,I-CD2,I-CD2.25
698,1,VDS11196.1,II-III,II-III.8
699,6,WP_011390153.1,II,II.17
700,2,NTW49490.1,IV-Photo,IV-Photo.13
701,2,VDS11182.1,III,III.287
702,3,TARA_039.SAMEA2620106.270.0.1-0.22_1669_19,III,III.484
703,2,OYT29571.1,III,III.73
704,3,NDA81884.1,IV-Deep-Ykr,IV-Deep-Ykr.143
705,2,ROR72417.1,IV-NG2,IV-NG2.19
706,6,WP_137731196.1,IV-NonPhoto,IV-NonPhoto.413
707,13,WP_109973062.1,IV-NonPhoto,IV-NonPhoto.58
708,1,TARA_004.SAMEA2619376.5.0.22-1.6_2667_5,IV-Unknown,IV-Unknown.24
709,4,WP_011941965.1,IV-NonPhoto,IV-NonPhoto.444
710,1,WP_158804831.1,IV-NonPhoto,IV-NonPhoto.450
711,1,MBA4106815.1,IV-NonPhoto,IV-NonPhoto.236
712,1,RLJ03461.1,Unknown,Unknown.13
713,3,TARA_039.SAMEA2620106.270.0.1-0.22_8536_3,Unknown,Unknown.103
714,1,HGW37750.1,III,III.185
715,2,TARA_070.SAMEA2621085.5.0-0.22_402_18,IV-GOS,IV-GOS.81
716,1,PKM78364.1,IV-Deep-Ykr,IV-Deep-Ykr.17
717,1,WP_173766955.1,IV-Deep-Ykr,IV-Deep-Ykr.334
718,3,TSA49026.1,III,III.398
719,5,WP_006599467.1,IV-Ykr-2,IV-Ykr-2.65
720,36,OYX05487.1,I-A,I-A.10
721,1,NYT82152.1,IV-NG1,IV-NG1.23
722,8,TFG99348.1,IV-Ykr-2,IV-Ykr-2.67
723,2,TNF52367.1,IV-Photo,IV-Photo.43
724,1,VDD89130.1,III,III.382
725,1,TFG16462.1,Unknown,Unknown.12
726,3,RYH04748.1,IV-NonPhoto,IV-NonPhoto.397
727,1,RLI98096.1,III,III.143
728,1,WP_184148301.1,IV-NonPhoto,IV-NonPhoto.316
729,1,RLI78962.1,III,III.49
730,1,NLL94435.1,IV-NG3,IV-NG3.76
731,1,RLG17436.1,III,III.253
732,1,TET58981.1,III,III.131
733,1,TARA_064.SAMEA2620852.65.0-0.22_187_23,IV-GOS,IV-GOS.59
734,1,OQY79485.1,IV-Deep-Ykr,IV-Deep-Ykr.144
735,1,KGP75796.1,IV-Deep-Ykr,IV-Deep-Ykr.59
736,9,WP_128515260.1,IV-Deep-Ykr,IV-Deep-Ykr.271
737,1,WP_107494266.1,IV-Deep-Ykr,IV-Deep-Ykr.328
738,1,VDD88855.1,III,III.363
739,10,HEL44153.1,IV-Ykr-2,IV-Ykr-2.127
740,1,ONM23707.1,I-CD1,I-CD1.36
741,1214,QOH25814.1,I-CD2,I-CD2.49
742,1,HDR53286.1,III,III.417
743,1,WP_054966967.1,II,II.38
744,5,170907,I-Banda,I-Banda.7
745,6,MBD3228851.1,IV-Ykr-2,IV-Ykr-2.77
746,1,VDD89076.1,III,III.213
747,3,WP_052010453.1,IV-Ykr-2,IV-Ykr-2.96
748,1,RLE66934.1,III,III.69
749,1,HGH79879.1,III,III.215
750,1,WP_112482113.1,IV-Ykr-2,IV-Ykr-2.119
751,5,MBU70118.1,IV-NonPhoto,IV-NonPhoto.51
752,3,WP_115791983.1,Unknown,Unknown.15
753,3,WP_096173243.1,IV-NonPhoto,IV-NonPhoto.99
754,4,TARA_039.SAMEA2620106.270.0.1-0.22_47_57,IV-GOS,IV-GOS.34
755,2,WP_091844669.1,IV-NonPhoto,IV-NonPhoto.361
756,1,NQV98135.1,IV-NonPhoto,IV-NonPhoto.90
757,2,WP_026904708.1,IV-NonPhoto,IV-NonPhoto.283
758,1,NOZ82616.1,IV-Unknown,IV-Unknown.6
759,1,MBD3263370.1,III,III.95
760,1,VDD88765.1,Unknown,Unknown.48
761,1,WP_012369336.1,IV-Ykr,IV-Ykr.12
762,4,TARA_007.SAMEA2591074.42.0.22-1.6_417480_1,IV-GOS,IV-GOS.80
763,1,WP_146953894.1,IV-Deep-Ykr,IV-Deep-Ykr.258
764,1,PYO84267.1,IV-Deep-Ykr,IV-Deep-Ykr.233
765,1,TVR19207.1,IV-Deep-Ykr,IV-Deep-Ykr.127
766,3,ANX05372.1,IV-Deep-Ykr,IV-Deep-Ykr.300
767,1,WP_119361142.1,IV-Deep-Ykr,IV-Deep-Ykr.167
768,2,WP_006667870.1,IV-Ykr,IV-Ykr.23
769,2,CAA6604222.1,IV-Deep-Ykr,IV-Deep-Ykr.201
770,14,WP_088885583.1,III,III.357
771,1,PHT97483.1,I-A,I-A.18
772,2,RIFCSPLOWO2_02_FULL_Deltaproteobacteria_46_8_rifcsplowo2_02_scaffold_32024_19,IV-Photo,IV-Photo.3
773,1,WP_138327386.1,IV-NonPhoto,IV-NonPhoto.193
774,2,GHC75597.1,IV-NonPhoto,IV-NonPhoto.421
775,1,HHS41988.1,IV-NonPhoto,IV-NonPhoto.24
776,1,WP_029010986.1,IV-NonPhoto,IV-NonPhoto.357
777,1,WP_028709069.1,IV-Ykr-2,IV-Ykr-2.111
778,1,HGF50225.1,Unknown,Unknown.38
779,3,WP_066480112.1,IV-NonPhoto,IV-NonPhoto.289
780,1,WP_104520621.1,IV-NonPhoto,IV-NonPhoto.57
781,2,WP_140941430.1,IV-NonPhoto,IV-NonPhoto.111
782,1,NBR33864.1,IV-NonPhoto,IV-NonPhoto.356
783,1,WP_091548945.1,IV-NonPhoto,IV-NonPhoto.358
784,1,WP_153734910.1,IV-NG1,IV-NG1.21
785,1,WP_123214242.1,IV-NonPhoto,IV-NonPhoto.115
786,4,WP_187342327.1,IV-NonPhoto,IV-NonPhoto.218
787,1,HGG69015.1,III,III.225
788,1,KYH36691.1,III,III.282
789,5,RLI03651.1,III,III.216
790,2,WP_084568681.1,IV-Deep-Ykr,IV-Deep-Ykr.22
791,2,VDD88947.1,III,III.177
792,1,PHU11611.1,I-CD1,I-CD1.46
793,3,WP_027834068.1,IV-Deep-Ykr,IV-Deep-Ykr.353
794,2,HGO60354.1,IV-Deep-Ykr,IV-Deep-Ykr.251
795,1,TDI45517.1,IV-Deep-Ykr,IV-Deep-Ykr.202
796,4,ABM61255.1,IV-Deep-Ykr,IV-Deep-Ykr.133
797,2,PYP51811.1,IV-Deep-Ykr,IV-Deep-Ykr.248
798,5,VDD88951.1,III,III.453
799,2,KHN06855.1,III,III.461
800,471,YP_009051157.1,I-CD2,I-CD2.13
801,3,VDS11198.1,III,III.423
802,4,HHP05817.1,III,III.362
803,2,VDD89088.1,III,III.11
804,6,WP_025282307.1,IV-Photo,IV-Photo.32
805,3,OPX71027.1,III,III.130
806,1,PWI48176.1,III,III.204
807,1,HGS80205.1,III,III.335
808,1,WP_123299447.1,IV-NonPhoto,IV-NonPhoto.75
809,2,WP_173935204.1,IV-NonPhoto,IV-NonPhoto.186
810,1,WP_180285986.1,IV-NonPhoto,IV-NonPhoto.153
811,1,WP_092501847.1,IV-NG2,IV-NG2.45
812,3,OGF34049.1,Unknown,Unknown.51
813,2,TARA_037.SAMEA2619974.600.0.1-0.22_3339_23,III,III.474
814,1,WP_114509096.1,IV-NonPhoto,IV-NonPhoto.178
815,5,WP_178917033.1,III,III.208
816,1,VDD89200.1,III,III.368
817,3,NLO77945.1,IV-NG3,IV-NG3.31
818,1,HID42802.1,III,III.121
819,4,WP_188676780.1,IV-Deep-Ykr,IV-Deep-Ykr.360
820,4,WP_114010769.1,IV-Deep-Ykr,IV-Deep-Ykr.392
821,1,MBD3305177.1,IV-Deep-Ykr,IV-Deep-Ykr.43
822,2,PYP32129.1,IV-Deep-Ykr,IV-Deep-Ykr.194
823,2,TARA_038.SAMEA2620021.25.0.22-1.6_1650332_4,IV-Deep-Ykr,IV-Deep-Ykr.406
824,2,VDD89219.1,III,III.201
825,1,WP_119280414.1,IV-Deep-Ykr,IV-Deep-Ykr.82
826,2,VDS11133.1,III,III.422
827,1,NLZ24186.1,II-III,II-III.19
828,1,NYZ77702.1,III,III.420
829,5,KUK32407.1,IV-Ykr-2,IV-Ykr-2.24
830,1,NWG38211.1,III,III.240
831,1,NCA68587.1,IV-Photo,IV-Photo.35
832,1,WP_118134483.1,IV-NonPhoto,IV-NonPhoto.239
833,1,WP_122263911.1,IV-NG2,IV-NG2.41
834,1,WP_137099259.1,IV-NonPhoto,IV-NonPhoto.213
835,9,WP_106555782.1,IV-NonPhoto,IV-NonPhoto.173
836,2,HAV63947.1,IV-NonPhoto,IV-NonPhoto.282
837,4,VDD89035.1,III,III.269
838,5,WP_116531542.1,IV-NonPhoto,IV-NonPhoto.17
839,1,NND33503.1,IV-NonPhoto,IV-NonPhoto.123
840,1,VDD88763.1,III,III.277
841,1,HIJ00420.1,IV-NG3,IV-NG3.55
842,2,WP_062091683.1,IV-NonPhoto,IV-NonPhoto.185
843,2,TARA_140.SAMEA2623426.5.0.22-3_1642018_4,IV-GOS,IV-GOS.60
844,1,RLJ07768.1,III,III.378
845,1,WP_086636855.1,IV-NG3,IV-NG3.8
846,1,NLG15876.1,IV-Deep-Ykr,IV-Deep-Ykr.147
847,1,WP_038671795.1,IV-Deep-Ykr,IV-Deep-Ykr.42
848,5,VDD89174.1,II-III,II-III.29
849,1,MTI87087.1,IV-Deep-Ykr,IV-Deep-Ykr.119
850,2,PKL59160.1,IV-NG3,IV-NG3.73
851,1,CBL42920.1,IV-Deep-Ykr,IV-Deep-Ykr.97
852,2,RAAC1_SR1_new_C00001G00647,II-III,II-III.32
853,39,NNN13291.1,I-CD2,I-CD2.11
854,2,PXY71499.1,III,III.432
855,4,PCJ73671.1,II,II.39
856,7,WP_024733846.1,IV-Ykr-2,IV-Ykr-2.112
857,3,WP_118732862.1,IV-Ykr-2,IV-Ykr-2.114
858,1,OYT62983.1,IV-NG3,IV-NG3.10
859,1,WP_091832658.1,IV-Ykr-2,IV-Ykr-2.47
860,2,HES91551.1,IV-Ykr-2,IV-Ykr-2.80
861,1,EHM01759.1,IV-NonPhoto,IV-NonPhoto.322
862,5,VDD89054.1,III,III.36
863,1,WP_148074219.1,IV-NonPhoto,IV-NonPhoto.176
864,3,WP_172131297.1,IV-NonPhoto,IV-NonPhoto.313
865,3,WP_184571898.1,IV-NonPhoto,IV-NonPhoto.139
866,1,WP_161768615.1,IV-NonPhoto,IV-NonPhoto.379
867,18,TARA_041.SAMEA2620217.60.0.22-1.6_790379_5,IV-GOS,IV-GOS.17
868,1,WP_138484337.1,IV-NonPhoto,IV-NonPhoto.151
869,3,WP_119896768.1,IV-NonPhoto,IV-NonPhoto.382
870,4,WP_114793339.1,IV-NonPhoto,IV-NonPhoto.48
871,1,PIZ99488.1,Unknown,Unknown.80
872,2,WP_003181075.1,IV-Ykr,IV-Ykr.5
873,482,ACD87056.1,I-CD2,I-CD2.52
874,1,TARA_123.SAMEA2622736.150.0.1-0.22_389732_5,IV-GOS,IV-GOS.78
875,2,KAA0212256.1,IV-Deep-Ykr,IV-Deep-Ykr.402
876,3,VDD88843.1,III,III.67
877,2,WP_011389751.1,IV-Deep-Ykr,IV-Deep-Ykr.310
878,1,MSO71919.1,IV-Deep-Ykr,IV-Deep-Ykr.145
879,1,TMA29206.1,IV-Deep-Ykr,IV-Deep-Ykr.230
880,4,WP_114649166.1,IV-Deep-Ykr,IV-Deep-Ykr.282
881,6,OGG30932.1,II-III,II-III.10
882,1,PHU15862.1,I-A,I-A.22
883,1,RMF31056.1,I-Banda,I-Banda.2
884,5,ACD65_PER,II-III,II-III.31
885,1,VDD88752.1,III,III.140
886,1,WP_157691050.1,IV-NonPhoto,IV-NonPhoto.3
887,1,VDD89007.1,III,III.133
888,2,ODT65362.1,IV-NonPhoto,IV-NonPhoto.432
889,9,WP_155094890.1,IV-NonPhoto,IV-NonPhoto.216
890,1,MBE2213659.1,IV-NonPhoto,IV-NonPhoto.348
891,2,WP_027474108.1,IV-NonPhoto,IV-NonPhoto.422
892,1,RLI90645.1,III,III.142
893,3,GBE17764.1,III,III.272
894,1,OYT26627.1,III,III.234
895,1,BAZ41914.1,IV-Ykr,IV-Ykr.18
896,3,TKB84392.1,IV-Deep-Ykr,IV-Deep-Ykr.320
897,1,WP_034959586.1,IV-Deep-Ykr,IV-Deep-Ykr.163
898,1,WP_068559387.1,IV-Deep-Ykr,IV-Deep-Ykr.14
899,1,HGF82803.1,III,III.302
900,2,WP_112310563.1,IV-Deep-Ykr,IV-Deep-Ykr.311
901,2,HDS11136.1,III,III.415
902,1,MBA3892209.1,IV-Deep-Ykr,IV-Deep-Ykr.376
903,2,TARA_082.SAMEA2621423.40.0.22-3_761946_7,IV-NonPhoto,IV-NonPhoto.462
904,6,VDD88844.1,III,III.346
905,2,KAF3618740.1,I-CD1,I-CD1.40
906,1,PHT27478.1,I-CD1,I-CD1.45
907,13,RMG34467.1,II,II.10
908,1,NHJ02601.1,IV-Ykr-2,IV-Ykr-2.123
909,1,VDD89220.1,Unknown,Unknown.66
910,7,VDD88779.1,II-III,II-III.18
911,1,HHY88704.1,IV-Ykr-2,IV-Ykr-2.54
912,1,RBG_13_Nitrospira_39_12_RBG_13_scaffold_5114_2,IV-Unknown,IV-Unknown.2
913,2,NIN95198.1,IV-Ykr-2,IV-Ykr-2.23
914,1,HGX27967.1,III,III.160
915,1,WP_085019909.1,IV-Ykr-2,IV-Ykr-2.93
916,1,NYT23721.1,IV-NonPhoto,IV-NonPhoto.66
917,1,WP_196503334.1,IV-NonPhoto,IV-NonPhoto.416
918,1,MBF0430097.1,IV-Ykr-2,IV-Ykr-2.41
919,2,WP_188708829.1,IV-NonPhoto,IV-NonPhoto.399
920,1,RLJ00545.1,III,III.105
921,2,cg1_0.2_scaffold_958_c_17,Unknown,Unknown.3
922,1,NKB65859.1,IV-NonPhoto,IV-NonPhoto.86
923,1,HDQ59804.1,III,III.268
924,1,HDM26681.1,IV-NG3,IV-NG3.4
925,1,TRO45424.1,III,III.89
926,4,TARA_137.SAMEA2623295.40.0.22-3_111714_43,IV-Unknown,IV-Unknown.22
927,1,RKX98512.1,Unknown,Unknown.8
928,1,WP_048570010.1,IV-Deep-Ykr,IV-Deep-Ykr.20
929,3,WP_111385924.1,IV-Deep-Ykr,IV-Deep-Ykr.267
930,4,3QFW_A,IV-Deep-Ykr,IV-Deep-Ykr.350
931,1,WP_123641166.1,IV-Deep-Ykr,IV-Deep-Ykr.378
932,5,MRD55071.1,I-CD2,I-CD2.39
933,1,WP_185130907.1,IV-NG1,IV-NG1.24
934,5,WP_186842416.1,IV-Ykr-2,IV-Ykr-2.86
935,2,HET20929.1,III,III.334
936,1,PUA34057.1,III,III.360
937,3,RDE12223.1,IV-Ykr-2,IV-Ykr-2.46
938,1,HGU84397.1,IV-Photo,IV-Photo.58
939,3,MBE0522156.1,III,III.74
940,2,YP003726607_Methanohalobium_evestigatum_Z7303,III,III.466
941,2,WP_131196464.1,IV-NonPhoto,IV-NonPhoto.328
942,2,TARA_037.SAMEA2619974.600.0.1-0.22_1115_42,III,III.479
943,4,ACA16223.1,IV-NonPhoto,IV-NonPhoto.170
944,2,WP_176556021.1,IV-NonPhoto,IV-NonPhoto.150
945,1,WP_166581305.1,IV-NonPhoto,IV-NonPhoto.383
946,1,MBD3285174.1,Unknown,Unknown.53
947,2,WP_134760877.1,IV-NonPhoto,IV-NonPhoto.130
948,2,WP_159764760.1,III,III.229
949,2,WP_156223907.1,IV-NG2,IV-NG2.10
950,2,TWT86004.1,IV-NonPhoto,IV-NonPhoto.192
951,3,OGY43088.1,III,III.51
952,4,OPX62480.1,IV-NG3,IV-NG3.75
953,2,MBE6516809.1,IV-NG3,IV-NG3.78
954,3,VDD89146.1,III,III.341
955,9,TARA_125.SAMEA2622837.140.0.22-3_2544712_215,IV-GOS,IV-GOS.61
956,2,PYP37714.1,IV-Deep-Ykr,IV-Deep-Ykr.117
957,1,WP_161821048.1,IV-Deep-Ykr,IV-Deep-Ykr.74
958,2,WP_167084196.1,IV-Deep-Ykr,IV-Deep-Ykr.323
959,1,KAE9591209.1,I-CD1,I-CD1.38
960,1,RLF49487.1,III,III.410
961,11,ALG72409.1,IV-NonPhoto,IV-NonPhoto.436
962,1,VDD89090.1,III,III.374
963,3,MBF0306468.1,II,II.30
964,5,HHO66248.1,III,III.286
965,2,VDD88742.1,III,III.12
966,1,PIR25431.1,IV-Photo,IV-Photo.24
967,1,RJS75034.1,IV-NG3,IV-NG3.12
968,2,cg1_0.2_scaffold_115_c_6,III,III.4
969,2,VVB66844.1,III,III.54
970,6,VDD88879.1,III,III.19
971,2,TXT62727.1,Unknown,Unknown.31
972,2,WP_144768631.1,IV-NonPhoto,IV-NonPhoto.30
973,1,WP_184146637.1,IV-NonPhoto,IV-NonPhoto.144
974,1,VDD88873.1,III,III.126
975,53,WP_142823731.1,IV-NonPhoto,IV-NonPhoto.329
976,1,WP_100405522.1,IV-NG1,IV-NG1.31
977,1,WP_161958430.1,IV-NG2,IV-NG2.47
978,1,PIN77236.1,III,III.196
979,4,WP_192537086.1,IV-NonPhoto,IV-NonPhoto.284
980,3,WP_101919995.1,IV-NonPhoto,IV-NonPhoto.320
981,2,RIFCSPHIGHO2_12_FULL_Burkholderiales_69_20_rifcsphigho2_12_scaffold_3979_2,IV-NonPhoto,IV-NonPhoto.2
982,1,WP_131807513.1,IV-NG2,IV-NG2.28
983,1,NHI93946.1,Unknown,Unknown.33
984,1,NTV52076.1,IV-Deep-Ykr,IV-Deep-Ykr.34
985,2,WP_096385503.1,IV-Ykr,IV-Ykr.15
986,1,WP_071795910.1,IV-Deep-Ykr,IV-Deep-Ykr.379
987,3,SEH73129.1,I-A,I-A.8
988,9,WP_168789094.1,I-CD2,I-CD2.27
989,6,PZS19536.1,I-CD2,I-CD2.5
990,62,NP_074963.1,I-CD1,I-CD1.1
991,1,MBA4337135.1,II-III,II-III.21
992,4,MBF0356286.1,II,II.40
993,1,PKQ22254.1,IV-Ykr-2,IV-Ykr-2.71
994,5,WP_168668194.1,IV-Photo,IV-Photo.36
995,2,WP_075222268.1,IV-NonPhoto,IV-NonPhoto.270
996,2,TAL56381.1,IV-NonPhoto,IV-NonPhoto.42
997,1,TARA_037.SAMEA2619974.600.0.1-0.22_26363_5,III,III.486
998,1,MBD3249003.1,III,III.199
999,1,WP_108355221.1,IV-NonPhoto,IV-NonPhoto.18
1000,2,TARA_039.SAMEA2620106.270.0.1-0.22_1013_16,III,III.477
1001,3,WP_044427088.1,IV-NonPhoto,IV-NonPhoto.133
1002,5,WP_119152499.1,IV-NG1,IV-NG1.30
1003,4,WP_083078271.1,IV-NonPhoto,IV-NonPhoto.163
1004,1,VDD88845.1,III,III.236
1005,6,WP_040770881.1,IV-Deep-Ykr,IV-Deep-Ykr.291
1006,1,NRA09972.1,IV-Deep-Ykr,IV-Deep-Ykr.319
1007,1,NJD89604.1,IV-Deep-Ykr,IV-Deep-Ykr.85
1008,2,RLE83780.1,III,III.405
1009,1,VDD89062.1,III,III.460
1010,10,VDD89175.1,Unknown,Unknown.83
1011,1,YP_009679097.1,I-A,I-A.15
1012,6,WP_094606139.1,IV-Ykr-2,IV-Ykr-2.69
1013,1,NMB87887.1,IV-Ykr-2,IV-Ykr-2.42
1014,1,KYK29529.1,IV-Ykr-2,IV-Ykr-2.92
1015,2,RLG74103.1,III,III.57
1016,9,WP_077293968.1,IV-NonPhoto,IV-NonPhoto.428
1017,3,WP_114441521.1,IV-NonPhoto,IV-NonPhoto.100
1018,2,WP_188701797.1,IV-NG2,IV-NG2.27
1019,2,WP_137700656.1,IV-NonPhoto,IV-NonPhoto.120
1020,1,WP_108851675.1,IV-NonPhoto,IV-NonPhoto.156
1021,1,WP_108886102.1,IV-NonPhoto,IV-NonPhoto.359
1022,1,MBE7540041.1,IV-NonPhoto,IV-NonPhoto.370
1023,1,WP_133267614.1,IV-NonPhoto,IV-NonPhoto.367
1024,1,HEH34191.1,III,III.111
1025,1,PZO78532.1,IV-NonPhoto,IV-NonPhoto.401
1026,1,TAL30354.1,IV-Deep-Ykr,IV-Deep-Ykr.69
1027,1,WP_090112418.1,IV-Deep-Ykr,IV-Deep-Ykr.397
1028,2,WP_109058099.1,IV-Deep-Ykr,IV-Deep-Ykr.116
1029,3,TARA_065.SAMEA2620894.30.0.1-0.22_3437_3,IV-GOS,IV-GOS.57
1030,8,WP_184705991.1,IV-Deep-Ykr,IV-Deep-Ykr.141
1031,1,MBA3253246.1,IV-Deep-Ykr,IV-Deep-Ykr.370
1032,2,WP_011665075.1,IV-Deep-Ykr,IV-Deep-Ykr.207
1033,1,ABR57266.1,I-A,I-A.13
1034,1,MSP02442.1,IV-Deep-Ykr,IV-Deep-Ykr.369
1035,57,CCQ42893.1,I-CD1,I-CD1.31
1036,4,MBC5800540.1,I-CD2,I-CD2.23
1037,2,MBA2578827.1,I-CD2,I-CD2.7
1038,2,cg1_0.2_scaffold_107_c_58,II-III,II-III.3
1039,312,TAN54122.1,I-A,I-A.7
1040,1,HIH22488.1,III,III.425
1041,1,WP_088601833.1,IV-NonPhoto,IV-NonPhoto.154
1042,1,KAF0115242.1,II,II.25
1043,1,RLE56370.1,IV-NG3,IV-NG3.42
1044,1,RLC33402.1,IV-Ykr-2,IV-Ykr-2.53
1045,1,NLW67049.1,IV-Ykr-2,IV-Ykr-2.91
1046,1,TARA_039.SAMEA2620106.270.0.1-0.22_11384_3,III,III.487
1047,1,WP_187102109.1,IV-NG1,IV-NG1.22
1048,2,WP_018717736.1,IV-NonPhoto,IV-NonPhoto.47
1049,2,WP_191658275.1,IV-NonPhoto,IV-NonPhoto.87
1050,3,RJS71491.1,IV-NG3,IV-NG3.46
1051,1,WP_111300319.1,IV-NonPhoto,IV-NonPhoto.195
1052,2,TARA_138.SAMEA2623390.450.0.22-3_1385099_5,III,III.491
1053,3,TEU06350.1,III,III.98
1054,4,WP_004037562.1,IV-NG3,IV-NG3.50
1055,2,HIH96636.1,IV-NG3,IV-NG3.41
1056,1,THJ20228.1,IV-Deep-Ykr,IV-Deep-Ykr.102
1057,1,TLY30118.1,IV-Deep-Ykr,IV-Deep-Ykr.278
1058,1,NMC30274.1,IV-Deep-Ykr,IV-Deep-Ykr.31
1059,1,HDQ25415.1,IV-Deep-Ykr,IV-Deep-Ykr.123
1060,2,WP_035842243.1,IV-Deep-Ykr,IV-Deep-Ykr.389
1061,1,HCF49330.1,IV-Deep-Ykr,IV-Deep-Ykr.16
1062,1,WP_049725484.1,IV-Deep-Ykr,IV-Deep-Ykr.297
1063,2,NVN85440.1,IV-Deep-Ykr,IV-Deep-Ykr.217
1064,7,TARA_111.SAMEA2622452.5.0.22-3_2677424_5,IV-GOS,IV-GOS.12
1065,1,QED22203.1,I-A,I-A.16
1066,2,TARA_070.SAMEA2621101.800.0.45-0.8_732298_210,Unknown,Unknown.104
1067,1,WP_148895382.1,IV-Deep-Ykr,IV-Deep-Ykr.110
1068,2,NMA44474.1,II-III,II-III.5
1069,1,HEQ65200.1,Unknown,Unknown.45
1070,1,RBG_16_Planctomycetes_64_12_RBG_16_scaffold_1207_15,IV-Ykr-2,IV-Ykr-2.7
1071,1,RMG33798.1,III,III.171
1072,2,HDJ89911.1,IV-NG3,IV-NG3.2
1073,1,KUO42335.1,III,III.32
1074,1,KPK33274.1,IV-NG1,IV-NG1.2
1075,2,WP_185661935.1,IV-NonPhoto,IV-NonPhoto.342
1076,1,WP_120504347.1,IV-NonPhoto,IV-NonPhoto.74
1077,1,RLG20628.1,Unknown,Unknown.7
1078,1,HHY86547.1,IV-NonPhoto,IV-NonPhoto.286
1079,1,WP_099154171.1,IV-NonPhoto,IV-NonPhoto.253
1080,1,TARA_042.SAMEA2620259.80.0.22-1.6_311853_25,IV-GOS,IV-GOS.56
1081,2,WP_133396602.1,IV-Deep-Ykr,IV-Deep-Ykr.387
1082,1,WP_079421992.1,IV-Deep-Ykr,IV-Deep-Ykr.52
1083,3,cg2_3.0_scaffold_5338_c_6,IV-Deep-Ykr,IV-Deep-Ykr.2
1084,3,WP_121066135.1,IV-Deep-Ykr,IV-Deep-Ykr.400
1085,2,GWA2_Elusimicrobia_66_18_gwa2_scaffold_980_18,IV-Deep-Ykr,IV-Deep-Ykr.3
1086,13,PCI68138.1,II,II.23
1087,2,OGS72457.1,II,II.19
1088,2,WP_091832592.1,IV-Ykr-2,IV-Ykr-2.105
1089,4,gwa2_scaffold_913_23,Unknown,Unknown.2
1090,1,WP_144478240.1,IV-NG1,IV-NG1.5
1091,1,WP_185660925.1,IV-NonPhoto,IV-NonPhoto.233
1092,3,WP_191906267.1,IV-NonPhoto,IV-NonPhoto.6
1093,2,WP_112321711.1,IV-NonPhoto,IV-NonPhoto.369
1094,1,WP_085895494.1,IV-NonPhoto,IV-NonPhoto.255
1095,1,WP_022613754.1,IV-NonPhoto,IV-NonPhoto.319
1096,1,WP_131917878.1,IV-Deep-Ykr,IV-Deep-Ykr.33
1097,1,KJS16023.1,IV-Deep-Ykr,IV-Deep-Ykr.70
1098,1,TVR32154.1,IV-Deep-Ykr,IV-Deep-Ykr.254
1099,2,WP_012590283.1,IV-Deep-Ykr,IV-Deep-Ykr.344
1100,2,MBA2439481.1,I-CD2,I-CD2.53
1101,1,OIT02594.1,I-CD1,I-CD1.41
1102,1,KWT95165.1,IV-Deep-Ykr,IV-Deep-Ykr.231
1103,2,cg2_3.0_scaffold_6845_c_6,IV-Unknown,IV-Unknown.1
1104,1,NMC49193.1,II,II.24
1105,2,ADB58680.1,III,III.290
1106,2,WP_192819092.1,III,III.380
1107,1,HID94442.1,IV-Unknown,IV-Unknown.10
1108,1,NLD27969.1,IV-Photo,IV-Photo.30
1109,1,NTV00657.1,III,III.114
1110,4,OIQ39221.1,IV-NonPhoto,IV-NonPhoto.45
1111,1,HGK12944.1,III,III.44
1112,1,WP_188221773.1,IV-NonPhoto,IV-NonPhoto.406
1113,9,WP_094807597.1,IV-NonPhoto,IV-NonPhoto.202
1114,1,WP_129970683.1,IV-NonPhoto,IV-NonPhoto.188
1115,1,WP_093994152.1,IV-NonPhoto,IV-NonPhoto.372
1116,1,WP_099867587.1,IV-NonPhoto,IV-NonPhoto.442
1117,1,WP_127145424.1,IV-NonPhoto,IV-NonPhoto.265
1118,2,WP_140015679.1,IV-NonPhoto,IV-NonPhoto.240
1119,1,TARA_102.SAMEA2622173.5.0.22-3_1585335_18,IV-GOS,IV-GOS.66
1120,4,TARA_034.SAMEA2619903.5.0-0.22_870_19,IV-GOS,IV-GOS.65
1121,1,VDD89171.1,III,III.223
1122,1,NUM36543.1,IV-Deep-Ykr,IV-Deep-Ykr.61
1123,2,cg2_3.0_scaffold_1100_c_10,IV-Deep-Ykr,IV-Deep-Ykr.1
1124,5,MTA50098.1,IV-Deep-Ykr,IV-Deep-Ykr.214
1125,2,MSP03938.1,IV-Deep-Ykr,IV-Deep-Ykr.290
1126,4,TARA_085.SAMEA2621548.90.0-0.22_8223_2,IV-GOS,IV-GOS.10
1127,1,VDD88774.1,III,III.349
1128,3,PIU62916.1,III,III.352
1129,1,WP_132975783.1,IV-Photo,IV-Photo.54
1130,2,NLL85007.1,IV-Ykr-2,IV-Ykr-2.75
1131,1,OQY18937.1,IV-Ykr-2,IV-Ykr-2.19
1132,19,AAF97649.1,I-CD1,I-CD1.18
1133,1,HIQ50072.1,III,III.90
1134,4,NEX13548.1,IV-Photo,IV-Photo.28
1135,2,HDZ17526.1,Unknown,Unknown.39
1136,1,VDD88960.1,III,III.232
1137,1,NLX13398.1,IV-NonPhoto,IV-NonPhoto.293
1138,1,OAM89451.1,IV-NonPhoto,IV-NonPhoto.290
1139,3,WP_066337629.1,IV-NonPhoto,IV-NonPhoto.73
1140,2,RLI89213.1,III,III.68
1141,2,EEG55719.1,IV-Ykr-2,IV-Ykr-2.106
1142,2,KHO50554.1,III,III.350
1143,2,TARA_042.SAMEA2620256.5.0-0.22_607_18,IV-GOS,IV-GOS.14
1144,1,RCK75079.1,IV-Deep-Ykr,IV-Deep-Ykr.21
1145,2,HIH16165.1,III,III.314
1146,2,WP_007197961.1,IV-Deep-Ykr,IV-Deep-Ykr.308
1147,1,PTY06800.1,IV-Deep-Ykr,IV-Deep-Ykr.170
1148,1,MBA1148764.1,IV-Deep-Ykr,IV-Deep-Ykr.223
1149,1,NCA13777.1,IV-Deep-Ykr,IV-Deep-Ykr.137
1150,1,VDD88696.1,III,III.457
1151,1,HID08949.1,III,III.384
1152,1,HGE57216.1,Unknown,Unknown.89
1153,4,OPY47914.1,II-III,II-III.17
1154,2,WP_123402233.1,II,II.2
1155,4,HIJ43477.1,II,II.20
1156,1,WP_038036007.1,II,II.15
1157,1,HGT45997.1,III,III.426
1158,1,RLF18640.1,IV-NG3,IV-NG3.3
1159,1,PHU30253.1,I-CD1,I-CD1.15
1160,2,HEU13458.1,III,III.117
1161,1,NBK70185.1,IV-NG1,IV-NG1.7
1162,6,TARA_067.SAMEA2620970.5.0.22-3_1144606_1,IV-NonPhoto,IV-NonPhoto.460
1163,5,TARA_037.SAMEA2619974.600.0.1-0.22_12821_4,III,III.481
1164,1,WP_127703278.1,IV-NonPhoto,IV-NonPhoto.103
1165,2,WP_058747445.1,IV-NG3,IV-NG3.79
1166,1,WP_108660984.1,IV-NonPhoto,IV-NonPhoto.288
1167,1,PIO05869.1,III,III.330
1168,1,TARA_076.SAMEA2621203.5.0.22-0.45_2958446_5,IV-GOS,IV-GOS.74
1169,1,NNK62704.1,IV-Deep-Ykr,IV-Deep-Ykr.138
1170,1,OYV36618.1,IV-Deep-Ykr,IV-Deep-Ykr.288
1171,1,WP_027883497.1,IV-Deep-Ykr,IV-Deep-Ykr.166
1172,1,NWG24261.1,IV-Deep-Ykr,IV-Deep-Ykr.368
1173,1,PKL90597.1,IV-Deep-Ykr,IV-Deep-Ykr.54
1174,3,RBG_16_Elusimicrobia_66_12_RBG_16_scaffold_20757_18,IV-Deep-Ykr,IV-Deep-Ykr.5
1175,1,QDZ22786.1,IV-Deep-Ykr,IV-Deep-Ykr.307
1176,1,GWB1_Spirochaetes_66_5_GWB1_scaffold_33904_7,IV-Ykr-2,IV-Ykr-2.11
1177,1,RLE90341.1,III,III.296
1178,1,NCC69987.1,Unknown,Unknown.19
1179,2,RLG40594.1,III,III.115
1180,3,WP_114836278.1,IV-NonPhoto,IV-NonPhoto.97
1181,2,TARA_037.SAMEA2619970.600.0.22-1.6_27685_12,II,II.57
1182,1,WP_029030721.1,IV-NonPhoto,IV-NonPhoto.431
1183,1,WP_159881706.1,IV-NG1,IV-NG1.27
1184,8,WP_146897677.1,IV-NonPhoto,IV-NonPhoto.175
1185,1,WP_153713041.1,IV-NonPhoto,IV-NonPhoto.335
1186,2,WP_007068008.1,IV-NonPhoto,IV-NonPhoto.46
1187,4,WP_158995115.1,IV-NonPhoto,IV-NonPhoto.333
1188,1,TET90869.1,IV-NG3,IV-NG3.5
1189,1,WP_126013530.1,IV-NonPhoto,IV-NonPhoto.234
1190,2,TARA_032.SAMEA2619838.5.0-0.22_38_32,IV-GOS,IV-GOS.64
1191,2,RKE66117.1,IV-Deep-Ykr,IV-Deep-Ykr.293
1192,1,RPH66779.1,IV-Deep-Ykr,IV-Deep-Ykr.394
1193,1,HGZ79218.1,IV-Deep-Ykr,IV-Deep-Ykr.51
1194,1,NLV67565.1,IV-Deep-Ykr,IV-Deep-Ykr.75
1195,1,TMJ47646.1,IV-Deep-Ykr,IV-Deep-Ykr.236
1196,1,MBA3498600.1,IV-Deep-Ykr,IV-Deep-Ykr.332
1197,3,NQW31181.1,IV-Deep-Ykr,IV-Deep-Ykr.200
1198,2,HDY61933.1,I-Banda,I-Banda.1
1199,2,PNV81702.1,III,III.326
1200,1,HFK21229.1,IV-NG3,IV-NG3.27
1201,2,KYK35232.1,III,III.180
1202,5,RPJ53846.1,III,III.77
1203,1,WP_091904701.1,IV-NonPhoto,IV-NonPhoto.37
1204,2,NBT78024.1,IV-NonPhoto,IV-NonPhoto.12
1205,2,YP004484882_Methanotorris_igneus_Kol_5,III,III.464
1206,4,WP_189634970.1,IV-NonPhoto,IV-NonPhoto.448
1207,1,WP_169123134.1,IV-NonPhoto,IV-NonPhoto.41
1208,1,NIO44666.1,III,III.56
1209,3,WP_045279020.1,IV-NG2,IV-NG2.16
1210,2,NCV28966.1,IV-NonPhoto,IV-NonPhoto.440
1211,2,WP_149105294.1,IV-NonPhoto,IV-NonPhoto.184
1212,53,AWX52797.1,I-CD1,I-CD1.13
1213,1,NWJ46707.1,IV-Deep-Ykr,IV-Deep-Ykr.165
1214,1,HAJ78659.1,IV-Deep-Ykr,IV-Deep-Ykr.107
1215,1,TAH51644.1,IV-Deep-Ykr,IV-Deep-Ykr.135
1216,1,MSW74952.1,IV-Deep-Ykr,IV-Deep-Ykr.321
1217,1,NQT48605.1,IV-Ykr-2,IV-Ykr-2.104
1218,1,HHX99687.1,II-III,II-III.7
1219,1,OYT38348.1,III,III.110
1220,1,VDD89211.1,III,III.50
1221,3,WP_137238025.1,IV-NonPhoto,IV-NonPhoto.72
1222,2,RLI78728.1,III,III.63
1223,2,WP_026039622.1,IV-NonPhoto,IV-NonPhoto.21
1224,1,KAA3627279.1,IV-Deep-Ykr,IV-Deep-Ykr.264
1225,1,WP_169237118.1,IV-Deep-Ykr,IV-Deep-Ykr.40
1226,2,WP_187299336.1,IV-Deep-Ykr,IV-Deep-Ykr.224
1227,1,XP_037432414.1,I-CD1,I-CD1.34
1228,2,SED07816.1,IV-Deep-Ykr,IV-Deep-Ykr.269
1229,1,WP_136897902.1,Unknown,Unknown.91
1230,1,HIE54677.1,III,III.311
1231,1,WP_051103939.1,IV-NonPhoto,IV-NonPhoto.341
1232,1,OLS27808.1,Unknown,Unknown.88
1233,1,HDI31586.1,III,III.80
1234,1,RIFCSPLOWO2_02_FULL_Gammaproteobacteria_56_15_rifcsplowo2_02_scaffold_79926_1,IV-Deep-Ykr,IV-Deep-Ykr.7
1235,1,WP_101307147.1,IV-NG2,IV-NG2.7
1236,1,NOX29109.1,IV-NonPhoto,IV-NonPhoto.244
1237,2,WP_138573703.1,IV-NonPhoto,IV-NonPhoto.261
1238,3,WP_156607628.1,IV-NG2,IV-NG2.18
1239,3,MAY30867.1,IV-NonPhoto,IV-NonPhoto.149
1240,3,WP_165571148.1,IV-NonPhoto,IV-NonPhoto.452
1241,1,MBE0511983.1,III,III.65
1242,2,PIU76120.1,III,III.149
1243,2,GBE55920.1,IV-Unknown,IV-Unknown.8
1244,2,VDD88660.1,III,III.141
1245,2,MBE6515541.1,IV-NG3,IV-NG3.60
1246,3,VDD88895.1,III,III.233
1247,1,QGJ69239.1,IV-Ykr,IV-Ykr.11
1248,1,RME49636.1,IV-Deep-Ykr,IV-Deep-Ykr.86
1249,1,MBC8507730.1,IV-Deep-Ykr,IV-Deep-Ykr.53
1250,2,WP_097154759.1,IV-Deep-Ykr,IV-Deep-Ykr.182
1251,2,WP_119481183.1,IV-Deep-Ykr,IV-Deep-Ykr.232
1252,1,WP_166936767.1,IV-Deep-Ykr,IV-Deep-Ykr.256
1253,1,RMG43845.1,IV-Deep-Ykr,IV-Deep-Ykr.213
1254,2,EUA52020.1,I-CD2,I-CD2.62
1255,3,GBD45030.1,I-CD2,I-CD2.37
1256,1,OYW33691.1,IV-NonPhoto,IV-NonPhoto.71
1257,3,KAB2935449.1,II,II.22
1258,2,HHJ06498.1,IV-Photo,IV-Photo.20
1259,1,KUO39449.1,III,III.25
1260,1,WP_123929203.1,Unknown,Unknown.23
1261,1,HGY75382.1,III,III.113
1262,4,VDD88693.1,III,III.162
1263,1,RLE53433.1,IV-NG3,IV-NG3.43
1264,1,WP_096624001.1,IV-Ykr,IV-Ykr.26
1265,3,KXK02801.1,IV-Deep-Ykr,IV-Deep-Ykr.262
1266,1,WP_159823058.1,IV-Deep-Ykr,IV-Deep-Ykr.161
1267,1,WP_183367920.1,IV-Deep-Ykr,IV-Deep-Ykr.210
1268,2,WP_136384946.1,IV-Deep-Ykr,IV-Deep-Ykr.299
1269,1,KAF5821263.1,I-CD1,I-CD1.30
1270,6,WP_153472653.1,II,II.5
1271,2,VDS11195.1,II-III,II-III.9
1272,10,HII95430.1,II-III,II-III.23
1273,3,TARA_137.SAMEA2623314.375.0.22-3_1502813_3,III,III.494
1274,5,HHY16479.1,IV-Ykr-2,IV-Ykr-2.35
1275,1,VDD89170.1,III,III.33
1276,3,MBA5874654.1,IV-Deep-Ykr,IV-Deep-Ykr.283
1277,1,VDD88953.1,III,III.123
1278,1,WP_188851562.1,IV-NonPhoto,IV-NonPhoto.377
1279,2,VDS11163.1,III,III.128
1280,2,NJM31169.1,IV-NonPhoto,IV-NonPhoto.291
1281,3,TARA_093.SAMEA2621812.35.0.22-3_645542_6,IV-Unknown,IV-Unknown.26
1282,2,WP_100133425.1,IV-NonPhoto,IV-NonPhoto.62
1283,1,WP_109742343.1,IV-NonPhoto,IV-NonPhoto.174
1284,2,NYT01045.1,IV-NG3,IV-NG3.6
1285,1,NLE05764.1,III,III.81
1286,3,TARA_018.SAMEA2619667.5.0.22-1.6_2679_10,IV-GOS,IV-GOS.24
1287,1,HIH44559.1,IV-NG3,IV-NG3.59
1288,1,HHN14532.1,IV-Deep-Ykr,IV-Deep-Ykr.121
1289,1,NMB55346.1,IV-Deep-Ykr,IV-Deep-Ykr.25
1290,1,VDD89064.1,III,III.396
1291,1,WP_073066144.1,IV-Deep-Ykr,IV-Deep-Ykr.175
1292,1,WP_088343331.1,IV-Deep-Ykr,IV-Deep-Ykr.327
1293,6315,AEU04903.1,I-CD1,I-CD1.4
1294,1,HBY96112.1,IV-Ykr-2,IV-Ykr-2.28
1295,2,CDQ34473.1,IV-NonPhoto,IV-NonPhoto.25
1296,1,WP_121919240.1,IV-GOS,IV-GOS.1
1297,1,TVQ10387.1,IV-Deep-Ykr,IV-Deep-Ykr.180
1298,1,WP_189506880.1,IV-NonPhoto,IV-NonPhoto.410
1299,1,VDD88670.1,III,III.155
1300,1,VDD89256.1,III,III.202
1301,3,WP_095164994.1,IV-NonPhoto,IV-NonPhoto.245
1302,2,WP_039015246.1,IV-NonPhoto,IV-NonPhoto.19
1303,2,NLN72029.1,IV-NG3,IV-NG3.53
1304,2,NBO01795.1,IV-NonPhoto,IV-NonPhoto.124
1305,1,VDD89112.1,III,III.412
1306,1,WP_165266537.1,IV-Deep-Ykr,IV-Deep-Ykr.177
1307,5,NLV25853.1,IV-NG3,IV-NG3.48
1308,2,KQC03310.1,IV-NG3,IV-NG3.45
1309,1,TARA_034.SAMEA2619923.60.0-0.22_119_14,IV-GOS,IV-GOS.79
1310,1,NRA37454.1,IV-NonPhoto,IV-NonPhoto.222
1311,2,WP_012598361.1,IV-Ykr,IV-Ykr.14
1312,1,RBG_19FT_COMBO_Aminicenantes-rel_58_17_rbg_19ft_combo_scaffold_871_21,IV-Unknown,IV-Unknown.4
1313,1,WP_007554764.1,IV-Deep-Ykr,IV-Deep-Ykr.98
1314,1,MBE9479162.1,IV-Deep-Ykr,IV-Deep-Ykr.58
1315,1,VDD89031.1,III,III.307
1316,9,WP_076412354.1,IV-NonPhoto,IV-NonPhoto.449
1317,2,EDN72730.1,IV-Deep-Ykr,IV-Deep-Ykr.158
1318,1,GBD44185.1,IV-NonPhoto,IV-NonPhoto.453
1319,1,TARA_100.SAMEA2622149.177.0.22-3_1831732_5,IV-GOS,IV-GOS.23
1320,28,WP_169182252.1,I-CD2,I-CD2.2
1321,7,gwc2_scaffold_23334_2,III,III.7
1322,1,RBG_16_Deltaproteobacteria_Desulfobacca_60_12_RBG_16_scaffold_8647_50,IV-Ykr-2,IV-Ykr-2.12
1323,1,WP_193735116.1,IV-Ykr-2,IV-Ykr-2.107
1324,3,OIO24293.1,III,III.279
1325,2,WP_043757516.1,IV-Photo,IV-Photo.37
1326,2,VDD89242.1,III,III.39
1327,1,HGB33043.1,IV-Unknown,IV-Unknown.9
1328,3,MBC8450161.1,IV-Ykr-2,IV-Ykr-2.73
1329,1,MBD3310098.1,III,III.219
1330,1,WP_151119727.1,IV-NonPhoto,IV-NonPhoto.199
1331,3,WP_106266505.1,IV-NonPhoto,IV-NonPhoto.81
1332,1,WP_132240994.1,IV-NonPhoto,IV-NonPhoto.243
1333,2,WP_058245742.1,IV-NonPhoto,IV-NonPhoto.146
1334,1,RLG18973.1,Unknown,Unknown.11
1335,1,HEC31086.1,III,III.321
1336,1,TARA_037.SAMEA2619974.600.0.1-0.22_5528_5,IV-GOS,IV-GOS.32
1337,3,TARA_041.SAMEA2620227.60.0-0.22_534254_3,IV-GOS,IV-GOS.73
1338,3,VDD89117.1,IV-GOS,IV-GOS.2
1339,5,WP_012844388.1,IV-Deep-Ykr,IV-Deep-Ykr.160
1340,1,TMJ02418.1,IV-Deep-Ykr,IV-Deep-Ykr.188
1341,1,NBW66357.1,IV-Photo,IV-Photo.71
1342,1,PSP17776.1,I-CD2,I-CD2.41
1343,1,RUM35076.1,III,III.408
1344,1,KAA3629265.1,IV-Photo,IV-Photo.70
1345,1,WP_182582143.1,IV-Photo,IV-Photo.56
1346,1,RME77879.1,III,III.267
1347,1,WP_093402581.1,IV-GOS,IV-GOS.6
1348,1,HDP73437.1,III,III.170
1349,1,NHV06229.1,III,III.31
1350,1,WP_013779251.1,IV-Ykr-2,IV-Ykr-2.57
1351,1,WP_107834029.1,IV-NonPhoto,IV-NonPhoto.411
1352,3,RLE41071.1,III,III.139
1353,3,WP_114332740.1,IV-NG2,IV-NG2.44
1354,2,WP_189639435.1,IV-NonPhoto,IV-NonPhoto.266
1355,1,WP_128490896.1,IV-NonPhoto,IV-NonPhoto.315
1356,3,MAA96721.1,IV-NonPhoto,IV-NonPhoto.118
1357,2,KXA92713.1,III,III.78
1358,2,NYT11051.1,IV-NG3,IV-NG3.54
1359,5,WP_137402111.1,IV-NonPhoto,IV-NonPhoto.299
1360,2,NBB89903.1,IV-Deep-Ykr,IV-Deep-Ykr.28
1361,1,HEC96201.1,Unknown,Unknown.76
1362,1,WP_164209773.1,IV-Deep-Ykr,IV-Deep-Ykr.373
1363,2,VDD88993.1,III,III.438
1364,1,VDD88719.1,III,III.47
1365,1,MBA3480117.1,IV-NonPhoto,IV-NonPhoto.60
1366,2,WP_150092840.1,IV-Photo,IV-Photo.22
1367,4,PMB76193.1,Unknown,Unknown.16
1368,2,VDD88707.1,III,III.17
1369,2,WP_132583677.1,IV-NonPhoto,IV-NonPhoto.164
1370,2,TARA_037.SAMEA2619974.600.0.1-0.22_1897_20,III,III.476
1371,1,WP_095594602.1,IV-NonPhoto,IV-NonPhoto.363
1372,1,MAT45573.1,IV-Deep-Ykr,IV-Deep-Ykr.93
1373,6,TARA_122.SAMEA2622694.115.0.1-0.22_118_28,IV-GOS,IV-GOS.30
1374,1,HBS58733.1,IV-Deep-Ykr,IV-Deep-Ykr.63
1375,1,QIT55953.1,IV-Deep-Ykr,IV-Deep-Ykr.261
1376,1,NLO80319.1,IV-Deep-Ykr,IV-Deep-Ykr.148
1377,1,CAB1129189.1,I-CD2,I-CD2.16
1378,1,NMM26212.1,II,II.35
1379,2,PWI48257.1,IV-Ykr-2,IV-Ykr-2.61
1380,1,PHT42604.1,I-CD1,I-CD1.29
1381,1,MSV28615.1,IV-NonPhoto,IV-NonPhoto.227
1382,1,OYT36659.1,III,III.195
1383,1,RPH41217.1,IV-NonPhoto,IV-NonPhoto.206
1384,3,WP_126009883.1,IV-NonPhoto,IV-NonPhoto.424
1385,1,HBY63428.1,IV-NonPhoto,IV-NonPhoto.11
1386,2,HID08694.1,III,III.299
1387,4,MBK36395.1,IV-NonPhoto,IV-NonPhoto.114
1388,1,KXB03553.1,Unknown,Unknown.17
1389,1,HIE34177.1,III,III.119
1390,1,TVQ93953.1,IV-Deep-Ykr,IV-Deep-Ykr.115
1391,4,TARA_067.SAMEA2620970.5.0.22-3_262619_7,IV-GOS,IV-GOS.25
1392,4,HID05175.1,III,III.370
1393,1,WP_037278231.1,IV-Deep-Ykr,IV-Deep-Ykr.352
1394,1,NEX17785.1,IV-Deep-Ykr,IV-Deep-Ykr.108
1395,1,WP_069472570.1,I-A,I-A.9
1396,1,RLG77261.1,III,III.331
1397,1,PIO08000.1,III,III.42
1398,1,VDD88728.1,III,III.309
1399,1,TWT97685.1,IV-NonPhoto,IV-NonPhoto.439
1400,1,VDD89215.1,III,III.60
1401,1,WP_106292992.1,IV-NonPhoto,IV-NonPhoto.268
1402,1,TARA_067.SAMEA2620979.5.0.22-0.45_264655_4,IV-GOS,IV-GOS.42
1403,1,RLG64092.1,IV-NG3,IV-NG3.40
1404,1,WP_108850143.1,IV-Deep-Ykr,IV-Deep-Ykr.301
1405,1,TARA_034.SAMEA2619923.60.0-0.22_219_19,IV-GOS,IV-GOS.38
1406,1,TARA_032.SAMEA2619838.5.0-0.22_21_27,IV-GOS,IV-GOS.51
1407,1,WP_012676081.1,Unknown,Unknown.99
1408,1,MBE5846613.1,IV-Deep-Ykr,IV-Deep-Ykr.159
1409,2,HEJ78100.1,III,III.260
1410,1,WP_111419943.1,IV-Deep-Ykr,IV-Deep-Ykr.174
1411,1,WP_150041624.1,IV-Deep-Ykr,IV-Deep-Ykr.286
1412,1,HBK04755.1,IV-Deep-Ykr,IV-Deep-Ykr.176
1413,3,VDD89029.1,III,III.369
1414,1,HDD59863.1,III,III.393
1415,1,PHT98331.1,I-CD1,I-CD1.44
1416,1,WP_163674056.1,II,II.47
1417,3,WP_032076918.1,IV-Ykr-2,IV-Ykr-2.68
1418,1,HFU29422.1,IV-Ykr-2,IV-Ykr-2.90
1419,2,HFX59139.1,IV-Ykr-2,IV-Ykr-2.60
1420,2,HHP33440.1,III,III.373
1421,4,MBC8511359.1,IV-Ykr-2,IV-Ykr-2.17
1422,1,TFG27818.1,Unknown,Unknown.14
1423,4,WP_060702681.1,IV-NG2,IV-NG2.37
1424,1,WP_172327953.1,IV-NonPhoto,IV-NonPhoto.418
1425,2,WP_043531977.1,IV-NonPhoto,IV-NonPhoto.294
1426,1,OYU54991.1,IV-NonPhoto,IV-NonPhoto.167
1427,1,ETA53662.2,IV-NonPhoto,IV-NonPhoto.443
1428,1,NCW78699.1,IV-NonPhoto,IV-NonPhoto.221
1429,1,WP_007070802.1,IV-Deep-Ykr,IV-Deep-Ykr.199
1430,1,NLS97222.1,IV-Deep-Ykr,IV-Deep-Ykr.91
1431,4,TARA_048.SAMEA2620404.5.0.22-1.6_2468987_1,IV-GOS,IV-GOS.13
1432,2,WP_066175728.1,IV-Deep-Ykr,IV-Deep-Ykr.279
1433,1,NLP03927.1,IV-Deep-Ykr,IV-Deep-Ykr.136
1434,1,MBC8549397.1,IV-Deep-Ykr,IV-Deep-Ykr.106
1435,2,HID36593.1,II,II.46
1436,1,PHT66054.1,I-CD1,I-CD1.47
1437,1,HAW11243.1,IV-Ykr-2,IV-Ykr-2.45
1438,2,RLG81982.1,III,III.168
1439,1,PSG97214.1,III,III.289
1440,1,MYD09858.1,IV-Photo,IV-Photo.47
1441,1,HID30638.1,IV-Ykr-2,IV-Ykr-2.78
1442,1,WP_135261755.1,IV-NonPhoto,IV-NonPhoto.365
1443,3,WP_148252811.1,IV-NonPhoto,IV-NonPhoto.33
1444,4,TARA_039.SAMEA2620106.270.0.1-0.22_3169_5,III,III.478
1445,1,RLE58107.1,III,III.239
1446,1,TEU12453.1,III,III.166
1447,1,TARA_102.SAMEA2622173.5.0.22-3_1059174_16,IV-GOS,IV-GOS.20
1448,1,RMH06091.1,IV-Deep-Ykr,IV-Deep-Ykr.274
1449,1,WP_027264206.1,IV-Deep-Ykr,IV-Deep-Ykr.383
1450,3,WP_015783983.1,IV-Ykr,IV-Ykr.25
1451,1,MBA3059809.1,IV-NonPhoto,IV-NonPhoto.435
1452,3,PZR66540.1,I-CD2,I-CD2.42
1453,1,ODS39323.1,III,III.325
1454,1,AAF97676.1,I-CD1,I-CD1.27
1455,1,OYT42875.1,III,III.118
1456,2,TAL48153.1,III,III.28
1457,2,WP_165029129.1,IV-NonPhoto,IV-NonPhoto.321
1458,1,WP_164183791.1,IV-NonPhoto,IV-NonPhoto.267
1459,1,WP_119153434.1,IV-NonPhoto,IV-NonPhoto.405
1460,1,KXA90802.1,IV-Ykr-2,IV-Ykr-2.22
1461,16,AEP20655.1,I-CD2,I-CD2.69
1462,1,ESQ07873.1,IV-Deep-Ykr,IV-Deep-Ykr.385
1463,1,NIM00513.1,IV-Deep-Ykr,IV-Deep-Ykr.205
1464,2,PKN02430.1,II-III,II-III.28
1465,1,TARA_039.SAMEA2620106.270.0.1-0.22_12590_8,III,III.489
1466,2,TARA_037.SAMEA2619974.600.0.1-0.22_9142_7,III,III.495
1467,2,NLT91566.1,II,II.3
1468,2,HGQ72732.1,IV-NG3,IV-NG3.1
1469,1,WP_117532474.1,IV-Ykr-2,IV-Ykr-2.125
1470,1,NIA04552.1,Unknown,Unknown.78
1471,3,RLC59839.1,IV-Ykr-2,IV-Ykr-2.16
1472,1,WP_056519378.1,IV-NonPhoto,IV-NonPhoto.182
1473,1,HFV05530.1,III,III.55
1474,1,VDD88792.1,III,III.243
1475,1,WP_102130065.1,IV-NonPhoto,IV-NonPhoto.158
1476,1,WP_132806760.1,IV-NonPhoto,IV-NonPhoto.263
1477,1,MAS38181.1,IV-NonPhoto,IV-NonPhoto.80
1478,1,WP_138324456.1,IV-NonPhoto,IV-NonPhoto.296
1479,1,WP_161337560.1,IV-NonPhoto,IV-NonPhoto.254
1480,1,WP_044238023.1,IV-NonPhoto,IV-NonPhoto.43
1481,1,WP_041368253.1,IV-Ykr-2,IV-Ykr-2.122
1482,1,WP_188697410.1,IV-NG1,IV-NG1.38
1483,3,HGV82810.1,III,III.75
1484,2,NBJ76488.1,IV-NG2,IV-NG2.17
1485,1,WP_041815463.1,IV-Ykr,IV-Ykr.1
1486,1,PTD94544.1,IV-NG3,IV-NG3.11
1487,1,NQS92092.1,IV-Deep-Ykr,IV-Deep-Ykr.73
1488,3,WP_155475510.1,IV-Deep-Ykr,IV-Deep-Ykr.11
1489,5,OGH04319.1,III,III.315
1490,1,EGH00066.1,II,II.53
1491,1,CAB1129097.1,I-CD2,I-CD2.10
1492,3,VDD88875.1,III,III.431
1493,2,TARA_039.SAMEA2620106.270.0.1-0.22_881_30,III,III.496
1494,28,TNC97544.1,II,II.49
1495,1,NMA02838.1,IV-Ykr-2,IV-Ykr-2.84
1496,1,WP_006786951.1,IV-Photo,IV-Photo.17
1497,1,MAT73320.1,IV-NonPhoto,IV-NonPhoto.160
1498,1,VDD89151.1,III,III.66
1499,1,TVR62882.1,IV-Photo,IV-Photo.39
1500,1,KAF0246522.1,IV-Photo,IV-Photo.46
1501,2,RLF68008.1,Unknown,Unknown.49
1502,2,HEB47243.1,III,III.227
1503,1,NLU46002.1,IV-NG3,IV-NG3.72
1504,3,TARA_048.SAMEA2620404.5.0.22-1.6_2290145_3,IV-GOS,IV-GOS.18
1505,1,WP_070113114.1,IV-Deep-Ykr,IV-Deep-Ykr.255
1506,2,WP_184430002.1,IV-Deep-Ykr,IV-Deep-Ykr.246
1507,1,MBF8270616.1,IV-Deep-Ykr,IV-Deep-Ykr.105
1508,1,HIP66541.1,III,III.413
1509,2,OGN85134.1,Unknown,Unknown.79
1510,1,NLO76622.1,IV-Ykr-2,IV-Ykr-2.82
1511,1,WP_100923012.1,IV-Photo,IV-Photo.38
1512,1,HAE61434.1,IV-Ykr-2,IV-Ykr-2.30
1513,1,WP_081892750.1,I-CD2,I-CD2.48
1514,1,HGY35401.1,III,III.169
1515,4,cg1_0.2_scaffold_3774_c_7,Unknown,Unknown.4
1516,1,VDS11147.1,III,III.34
1517,1,VVB61248.1,III,III.152
1518,1,MBA5863320.1,IV-Deep-Ykr,IV-Deep-Ykr.206
1519,1,TARA_034.SAMEA2619907.60.0.22-1.6_764704_6,IV-Deep-Ykr,IV-Deep-Ykr.405
1520,1,VDD88788.1,III,III.388
1521,1,VVB80055.1,II-III,II-III.6
1522,1,VDD88791.1,III,III.30
1523,1,VDD88786.1,III,III.134
1524,1,RLB33671.1,IV-Photo,IV-Photo.21
1525,1,HFZ31363.1,IV-Ykr-2,IV-Ykr-2.117
1526,1,EES53755.1,IV-Photo,IV-Photo.72
1527,1,WP_163462635.1,IV-NonPhoto,IV-NonPhoto.249
1528,1,WP_089731630.1,III,III.224
1529,2,WP_132319315.1,IV-NG2,IV-NG2.5
1530,1,WP_127902419.1,IV-NonPhoto,IV-NonPhoto.304
1531,1,ETA53470.1,IV-NonPhoto,IV-NonPhoto.264
1532,1,VDD89063.1,Unknown,Unknown.62
1533,2,MBQ04601.1,III,III.247
1534,1,TARA_034.SAMEA2619903.5.0-0.22_225_47,IV-GOS,IV-GOS.71
1535,1,NLN11867.1,IV-Deep-Ykr,IV-Deep-Ykr.303
1536,1,NDJ60910.1,IV-Deep-Ykr,IV-Deep-Ykr.71
1537,1,WP_168987725.1,IV-Deep-Ykr,IV-Deep-Ykr.149
1538,1,VDD89168.1,III,III.278
1539,1,CDF56938.1,Unknown,Unknown.102
1540,126,AAL55585.1,I-CD2,I-CD2.65
1541,1,NMC08713.1,II-III,II-III.24
1542,1,MBA3045973.1,II-III,II-III.4
1543,1,TARA_037.SAMEA2619974.600.0.1-0.22_15961_3,III,III.490
1544,2,HFT81502.1,III,III.347
1545,1,NQT49111.1,Unknown,Unknown.42
1546,1,WP_119815746.1,III,III.318
1547,1,TARA_037.SAMEA2619974.600.0.1-0.22_11634_5,III,III.469
1548,1,OYU50427.1,IV-NonPhoto,IV-NonPhoto.353
1549,1,WP_159591748.1,IV-NonPhoto,IV-NonPhoto.179
1550,1,WP_072776105.1,IV-NonPhoto,IV-NonPhoto.36
1551,1,RBG_16_Planctomycetes_64_12_RBG_16_scaffold_63101_5,IV-Deep-Ykr,IV-Deep-Ykr.6
1552,1,VDD88664.1,III,III.397
1553,2,PHT52833.1,I-CD1,I-CD1.21
1554,1,HCO43313.1,IV-Deep-Ykr,IV-Deep-Ykr.362
1555,1,WP_137390883.1,IV-Deep-Ykr,IV-Deep-Ykr.196
1556,1,MTA52077.1,IV-Deep-Ykr,IV-Deep-Ykr.112
1557,1,VDD89087.1,III,III.248
1558,1,ABA96140.2,I-CD1,I-CD1.33
1559,2,MBA2426127.1,I-CD2,I-CD2.8
1560,4,MVT15116.1,IV-Ykr-2,IV-Ykr-2.88
1561,2,VDD88896.1,III,III.446
1562,1,NMC79809.1,IV-Ykr-2,IV-Ykr-2.124
1563,1,NQU14045.1,IV-Photo,IV-Photo.11
1564,1,PIR16591.1,IV-Photo,IV-Photo.7
1565,1,RVT86668.1,IV-NonPhoto,IV-NonPhoto.349
1566,2,WP_006566964.1,Unknown,Unknown.98
1567,1,TQS77924.1,IV-NG3,IV-NG3.63
1568,2,PJB37136.1,IV-Deep-Ykr,IV-Deep-Ykr.179
1569,1,NDD27334.1,IV-Photo,IV-Photo.66
1570,2,OGW33908.1,IV-Deep-Ykr,IV-Deep-Ykr.36
1571,1,WP_111358180.1,IV-Deep-Ykr,IV-Deep-Ykr.312
1572,1,PHT72509.1,I-CD1,I-CD1.28
1573,1,VDD89201.1,Unknown,Unknown.72
1574,2,ACD80_SR1,II-III,II-III.33
1575,1,TFF94994.1,IV-Ykr-2,IV-Ykr-2.94
1576,1,TRZ92059.1,III,III.298
1577,1,WP_075214416.1,IV-NonPhoto,IV-NonPhoto.396
1578,1,TWU27707.1,IV-NonPhoto,IV-NonPhoto.228
1579,1,WP_018687411.1,IV-NonPhoto,IV-NonPhoto.134
1580,1,WP_157015602.1,IV-NonPhoto,IV-NonPhoto.312
1581,2,WP_014926911.1,IV-NG2,IV-NG2.31
1582,1,VDD88708.1,III,III.174
1583,1,WP_127585021.1,IV-NG1,IV-NG1.14
1584,2,WP_182298999.1,IV-NG1,IV-NG1.3
1585,1,OYT42455.1,III,III.71
1586,2,KYC51028.1,Unknown,Unknown.63
1587,1,HII86116.1,III,III.94
1588,1,TARA_039.SAMEA2620106.270.0.1-0.22_9196_2,IV-GOS,IV-GOS.68
1589,1,WP_100920471.1,IV-Deep-Ykr,IV-Deep-Ykr.111
1590,2,WP_092786836.1,IV-Deep-Ykr,IV-Deep-Ykr.252
1591,1,VDD89164.1,III,III.452
1592,1,VDD89025.1,III,III.401
1593,1,WP_030436772.1,I-A,I-A.1
1594,1,VDD88933.1,III,III.442
1595,1,VDD89053.1,III,III.440
1596,1,VDD89103.1,III,III.14
1597,1,TAL72355.1,IV-NonPhoto,IV-NonPhoto.98
1598,2,MBE1608394.1,IV-NG2,IV-NG2.25
1599,1,NYZ78845.1,Unknown,Unknown.32
1600,2,RIFOXYB1_FULL_OP11_related_47_11_rifoxyb1_full_scaffold_633_13,Unknown,Unknown.6
1601,1,NDP43148.1,IV-Deep-Ykr,IV-Deep-Ykr.140
1602,1,WP_114983720.1,IV-Deep-Ykr,IV-Deep-Ykr.259
1603,1,OJW25159.1,IV-Deep-Ykr,IV-Deep-Ykr.384
1604,1,MBA3583792.1,IV-Deep-Ykr,IV-Deep-Ykr.325
1605,1,HED11565.1,I-NG1,I-NG1.7
1606,3,TARA_025.SAMEA2619782.50.0.22-1.6_16872_5,I-CD2,I-CD2.71
1607,1,HEC63873.1,II-III,II-III.30
1608,1,NOR61939.1,II,II.44
1609,1,TFG22708.1,IV-Ykr-2,IV-Ykr-2.36
1610,1,WP_073611641.1,IV-NonPhoto,IV-NonPhoto.352
1611,1,CAB1078435.1,IV-Photo,IV-Photo.25
1612,6,gwf2_scaffold_2732_6,II-III,II-III.1
1613,1,RLE38780.1,III,III.295
1614,1,WP_068411869.1,IV-NonPhoto,IV-NonPhoto.14
1615,1,WP_160072768.1,IV-Ykr-2,IV-Ykr-2.108
1616,1,TARA_037.SAMEA2619970.600.0.22-1.6_889706_4,IV-NonPhoto,IV-NonPhoto.456
1617,1,OQB44493.1,Unknown,Unknown.35
1618,1,RIK96151.1,IV-Deep-Ykr,IV-Deep-Ykr.401
1619,1,TARA_096.SAMEA2621859.5.0.22-3_1854398_1,IV-GOS,IV-GOS.47
1620,2,TARA_151.SAMEA2623850.5.0.22-3_2451760_4,IV-GOS,IV-GOS.63
1621,1,VDS11137.1,III,III.458
1622,1,WP_014450620.1,IV-Photo,IV-Photo.65
1623,1,HHU61383.1,IV-Deep-Ykr,IV-Deep-Ykr.45
1624,1,WP_012727482.1,IV-Ykr,IV-Ykr.19
1625,1,NWJ97566.1,IV-Deep-Ykr,IV-Deep-Ykr.181
1626,1,NGZ96093.1,IV-Deep-Ykr,IV-Deep-Ykr.298
1627,1,PKO04028.1,IV-Deep-Ykr,IV-Deep-Ykr.83
1628,4,TAH64986.1,IV-Deep-Ykr,IV-Deep-Ykr.359
1629,2,WP_152817942.1,IV-Deep-Ykr,IV-Deep-Ykr.341
1630,1,NIM14184.1,IV-Deep-Ykr,IV-Deep-Ykr.23
1631,68,CDF56943.1,I-A,I-A.12
1632,1,MBF1761774.1,IV-Deep-Ykr,IV-Deep-Ykr.220
1633,1,OLS14054.1,Unknown,Unknown.93
1634,9,MXY63901.1,I-CD2,I-CD2.38
1635,7,NPA71479.1,II,II.41
1636,1,PJE81203.1,III,III.434
1637,1,HGF44483.1,IV-Photo,IV-Photo.48
1638,1,WP_188554988.1,IV-NonPhoto,IV-NonPhoto.380
1639,1,RLI62811.1,III,III.26
1640,1,WP_062220897.1,IV-NonPhoto,IV-NonPhoto.136
1641,1,WP_092542781.1,IV-NonPhoto,IV-NonPhoto.92
1642,1,NLF33610.1,IV-NG3,IV-NG3.65
1643,3,WP_146620940.1,Unknown,Unknown.96
1644,1,RBG_19FT_COMBO_GAL15_69_19_rbg_19ft_combo_scaffold_2139_2,IV-Unknown,IV-Unknown.3
1645,2,TARA_138.SAMEA2623370.60.0.22-3_471992_8,IV-GOS,IV-GOS.53
1646,1,GGB07029.1,IV-Deep-Ykr,IV-Deep-Ykr.132
1647,1,HHQ45440.1,III,III.356
1648,1,TAL01658.1,IV-NonPhoto,IV-NonPhoto.437
1649,2,RLI07641.1,III,III.359
1650,1,VDD89003.1,III,III.459
1651,3,WP_028064187.1,I-CD2,I-CD2.15
1652,1,PHT34511.1,I-A,I-A.17
1653,2,NTW71187.1,IV-Ykr-2,IV-Ykr-2.48
1654,3,KUJ93818.1,IV-Ykr-2,IV-Ykr-2.59
1655,1,RBG_16_Chloroflexi_54_18_RBG_16_scaffold_1503_25,IV-Ykr-2,IV-Ykr-2.3
1656,4,NBC46487.1,IV-Photo,IV-Photo.9
1657,2,VDS11151.1,III,III.87
1658,1,WP_118178797.1,IV-NonPhoto,IV-NonPhoto.314
1659,1,WP_139082496.1,IV-NonPhoto,IV-NonPhoto.429
1660,1,WP_007199586.1,IV-NonPhoto,IV-NonPhoto.131
1661,1,WP_131856163.1,IV-NonPhoto,IV-NonPhoto.226
1662,1,RMF91127.1,IV-Unknown,IV-Unknown.7
1663,3,WP_011832933.1,IV-NG3,IV-NG3.38
1664,1,HHW82582.1,IV-Deep-Ykr,IV-Deep-Ykr.285
1665,1,TVR79267.1,IV-Deep-Ykr,IV-Deep-Ykr.268
1666,1,KFI82871.1,IV-Deep-Ykr,IV-Deep-Ykr.72
1667,1,WP_027288085.1,I-CD2,I-CD2.12
1668,1,VDD89131.1,III,III.418
1669,3,gwf2_WS6_scaffold_9_343,II-III,II-III.34
1670,1,RLE74556.1,IV-NG3,IV-NG3.15
1671,2,WP_182087312.1,IV-NonPhoto,IV-NonPhoto.395
1672,1,WP_179168901.1,IV-NonPhoto,IV-NonPhoto.8
1673,1,WP_096054979.1,IV-NonPhoto,IV-NonPhoto.389
1674,1,VDD88992.1,III,III.181
1675,1,MBD3190074.1,Unknown,Unknown.41
1676,1,WP_020040630.1,IV-NonPhoto,IV-NonPhoto.250
1677,4,TARA_037.SAMEA2619970.600.0.22-1.6_1127381_3,III,III.480
1678,1,WP_048113196.1,IV-NG3,IV-NG3.80
1679,3,VDD89185.1,III,III.210
1680,1,TARA_140.SAMEA2623426.5.0.22-3_1199044_5,IV-GOS,IV-GOS.40
1681,2,RBG_16_DPX1_47_11_RBG_16_scaffold_43609_4,IV-Ykr-2,IV-Ykr-2.4
1682,1,TARA_124.SAMEA2622765.5.0.45-0.8_627226_4,IV-GOS,IV-GOS.43
1683,1,OJU30545.1,IV-Deep-Ykr,IV-Deep-Ykr.340
1684,1,MBE7554138.1,IV-Deep-Ykr,IV-Deep-Ykr.65
1685,1,RKX41820.1,III,III.257
1686,1,PIU03070.1,III,III.392
1687,1,XP_013467978.1,I-CD1,I-CD1.51
1688,1,RLG69381.1,III,III.395
1689,1,WP_045218222.1,II,II.11
1690,1,WP_116225844.1,IV-Photo,IV-Photo.16
1691,2,WP_158956996.1,IV-NonPhoto,IV-NonPhoto.271
1692,1,WP_089953144.1,IV-NonPhoto,IV-NonPhoto.10
1693,1,RBG_16_DPX1_54_11_RBG_16_scaffold_7414_20,IV-Photo,IV-Photo.4
1694,1,WP_068240165.1,IV-NonPhoto,IV-NonPhoto.297
1695,1,VDD88848.1,III,III.237
1696,3,WP_069053774.1,IV-NonPhoto,IV-NonPhoto.197
1697,1,TARA_037.SAMEA2619974.600.0.1-0.22_18879_4,III,III.473
1698,4,WP_093915070.1,IV-NonPhoto,IV-NonPhoto.157
1699,1,NCB95239.1,IV-Deep-Ykr,IV-Deep-Ykr.234
1700,1,HEY85443.1,IV-Deep-Ykr,IV-Deep-Ykr.39
1701,1,WP_165246113.1,IV-NG2,IV-NG2.32
1702,1,TVR95593.1,IV-Deep-Ykr,IV-Deep-Ykr.357
1703,1,WP_164709986.1,IV-Deep-Ykr,IV-Deep-Ykr.366
1704,1,MSR13685.1,IV-Deep-Ykr,IV-Deep-Ykr.169
1705,1,NVO14977.1,IV-Deep-Ykr,IV-Deep-Ykr.245
1706,2,AIF31469.1,I-NG1,I-NG1.6
1707,1,MBC8322098.1,II,II.9
1708,2,WP_168371275.1,III,III.327
1709,2,VDD89262.1,III,III.46
1710,1,CAB1069350.1,IV-Photo,IV-Photo.10
1711,2,TARA_037.SAMEA2619974.600.0.1-0.22_2167_20,IV-GOS,IV-GOS.27
1712,1,WP_087206618.1,IV-NonPhoto,IV-NonPhoto.307
1713,1,VDD89176.1,Unknown,Unknown.65
1714,1,MBC7264439.1,IV-Ykr-2,IV-Ykr-2.118
1715,1,NTV79535.1,III,III.407
1716,1,WP_127335966.1,IV-NonPhoto,IV-NonPhoto.336
1717,1,HID91364.1,IV-NG3,IV-NG3.14
1718,1,WP_119107663.1,IV-NonPhoto,IV-NonPhoto.137
1719,2,WP_082655472.1,IV-NG1,IV-NG1.1
1720,1,TVR45331.1,IV-NonPhoto,IV-NonPhoto.292
1721,2,OPY45996.1,III,III.228
1722,1,WP_101753318.1,IV-NonPhoto,IV-NonPhoto.190
1723,1,NBC48598.1,IV-Deep-Ykr,IV-Deep-Ykr.128
1724,1,NBE57718.1,IV-NonPhoto,IV-NonPhoto.287
1725,1,RMF90985.1,III,III.172
1726,1,NOZ51115.1,IV-Deep-Ykr,IV-Deep-Ykr.10
1727,1,PKP59216.1,IV-Deep-Ykr,IV-Deep-Ykr.100
1728,2,WP_156004867.1,IV-Deep-Ykr,IV-Deep-Ykr.275
1729,2,WP_153343297.1,IV-Deep-Ykr,IV-Deep-Ykr.215
1730,1,WP_107324942.1,IV-Deep-Ykr,IV-Deep-Ykr.374
1731,1,TDI96814.1,IV-Deep-Ykr,IV-Deep-Ykr.126
1732,3,WP_011628912.1,IV-Deep-Ykr,IV-Deep-Ykr.304
1733,1,HGE67168.1,III,III.372
1734,2,VDD88813.1,III,III.386
1735,2,MBA2389394.1,I-CD2,I-CD2.61
1736,1,NMC80670.1,IV-Ykr-2,IV-Ykr-2.115
1737,1,QDV32477.1,IV-Unknown,IV-Unknown.18
1738,1,HHS58777.1,III,III.421
1739,1,NBB84563.1,II,II.31
1740,1,TARA_037.SAMEA2619974.600.0.1-0.22_377_32,IV-Photo,IV-Photo.75
1741,1,OKY77189.1,Unknown,Unknown.40
1742,1,WP_175276433.1,IV-NonPhoto,IV-NonPhoto.107
1743,1,HGD08408.1,IV-NG3,IV-NG3.66
1744,1,TARA_034.SAMEA2619923.60.0-0.22_337_51,IV-GOS,IV-GOS.62
1745,1,WP_101073508.1,IV-Deep-Ykr,IV-Deep-Ykr.226
1746,1,WP_022722226.1,IV-Deep-Ykr,IV-Deep-Ykr.361
1747,2,WP_104520685.1,IV-Deep-Ykr,IV-Deep-Ykr.228
1748,1,KAF0110453.1,IV-Deep-Ykr,IV-Deep-Ykr.277
1749,1,MXQ09219.1,IV-Deep-Ykr,IV-Deep-Ykr.377
1750,1,VDD88898.1,III,III.354
1751,1,PHT34148.1,I-A,I-A.20
1752,1,OLP38317.1,II,II.55
1753,1,SBW00154.1,II,II.12
1754,1,VDD89074.1,III,III.292
1755,1,WP_105073396.1,IV-Photo,IV-Photo.42
1756,3,AEA52294.1,I-CD2,I-CD2.68
1757,3,HHW74758.1,IV-Ykr-2,IV-Ykr-2.62
1758,1,RLE37725.1,III,III.270
1759,2,HII14679.1,III,III.214
1760,1,MBC8164322.1,IV-NonPhoto,IV-NonPhoto.79
1761,1,NNL76974.1,IV-Photo,IV-Photo.27
1762,1,NJD77476.1,III,III.40
1763,1,VDD89250.1,III,III.353
1764,2,NVM36788.1,Unknown,Unknown.26
1765,1,RMD45864.1,III,III.221
1766,2,QOR40880.1,IV-NonPhoto,IV-NonPhoto.368
1767,1,WP_156586371.1,IV-NonPhoto,IV-NonPhoto.4
1768,2,TARA_039.SAMEA2620106.270.0.1-0.22_2150_20,III,III.488
1769,1,VDD88949.1,Unknown,Unknown.20
1770,1,PIU21541.1,III,III.231
1771,2,VDD88856.1,III,III.184
1772,1,WP_007040856.1,IV-Deep-Ykr,IV-Deep-Ykr.81
1773,1,TARA_034.SAMEA2619907.60.0.22-1.6_1013533_52,IV-Ykr,IV-Ykr.33
1774,1,TARA_025.SAMEA2619779.5.0-0.22_12401_3,IV-GOS,IV-GOS.76
1775,1,TBR23247.1,IV-Deep-Ykr,IV-Deep-Ykr.76
1776,1,CAB1127770.1,I-CD2,I-CD2.58
1777,1,HCC68228.1,III,III.436
1778,3,MBD3341526.1,IV-Ykr-2,IV-Ykr-2.26
1779,2,WP_131132134.1,IV-NG2,IV-NG2.20
1780,1,NYZ73852.1,III,III.106
1781,1,HGY28659.1,IV-NG3,IV-NG3.13
1782,1,WP_018153747.1,III,III.322
1783,1,AAO47787.1,I-CD1,I-CD1.49
1784,3,WP_089994157.1,IV-NonPhoto,IV-NonPhoto.232
1785,1,WP_139083104.1,IV-NonPhoto,IV-NonPhoto.101
1786,1,OLS18291.1,IV-NG3,IV-NG3.34
1787,1,OYT42730.1,III,III.109
1788,2,WP_147147109.1,IV-Deep-Ykr,IV-Deep-Ykr.24
1789,1,HHS65539.1,IV-Deep-Ykr,IV-Deep-Ykr.113
1790,1,WP_144348911.1,IV-Deep-Ykr,IV-Deep-Ykr.96
1791,1,WP_152145416.1,IV-Deep-Ykr,IV-Deep-Ykr.173
1792,2,WP_054165247.1,IV-Deep-Ykr,IV-Deep-Ykr.306
1793,1,TSC54433.1,Unknown,Unknown.56
1794,3,VDD88919.1,III,III.24
1795,2,GWC2_Chloroflexi_73_18_gwc2_scaffold_9051_15,IV-Ykr-2,IV-Ykr-2.2
1796,1,GGL60501.1,III,III.256
1797,1,MBD3312000.1,III,III.125
1798,1,WP_085850791.1,IV-NonPhoto,IV-NonPhoto.166
1799,1,MBE9607240.1,IV-NonPhoto,IV-NonPhoto.231
1800,1,WP_146823844.1,IV-NG1,IV-NG1.20
1801,1,WP_126428677.1,IV-NG1,IV-NG1.15
1802,1,QDV34725.1,IV-NonPhoto,IV-NonPhoto.345
1803,1,WP_108359271.1,IV-NonPhoto,IV-NonPhoto.147
1804,3,VDD88682.1,III,III.178
1805,1,RKZ25299.1,Unknown,Unknown.37
1806,1,WP_099472280.1,IV-Deep-Ykr,IV-Deep-Ykr.209
1807,1,WP_142715103.1,IV-Deep-Ykr,IV-Deep-Ykr.193
1808,1,VVB67097.1,IV-Photo,IV-Photo.40
1809,3,TQK56876.1,IV-NG2,IV-NG2.23
1810,4,YP001041057_Staphylothermus_marinus_F1,III,III.463
1811,1,PHT50236.1,I-CD1,I-CD1.19
1812,1,NOJ27760.1,III,III.265
1813,2,VDD89154.1,III,III.135
1814,1,HGE04707.1,III,III.104
1815,1,MBD3156514.1,III,III.404
1816,1,NWG15305.1,IV-NonPhoto,IV-NonPhoto.376
1817,1,WP_047146585.1,IV-NonPhoto,IV-NonPhoto.89
1818,2,Mesorhizobium_sp._L2C085B000,IV-NonPhoto,IV-NonPhoto.454
1819,1,MBD3355012.1,III,III.183
1820,2,WP_137409329.1,IV-NonPhoto,IV-NonPhoto.381
1821,1,WP_012616961.1,IV-NG3,IV-NG3.19
1822,1,WP_014254528.1,IV-Deep-Ykr,IV-Deep-Ykr.19
1823,1,WP_080887241.1,IV-Deep-Ykr,IV-Deep-Ykr.212
1824,1,WP_015281646.1,IV-Deep-Ykr,IV-Deep-Ykr.142
1825,1,HDP96285.1,IV-NG3,IV-NG3.67
1826,1,PIR19675.1,IV-Deep-Ykr,IV-Deep-Ykr.168
1827,1,KVH90633.1,IV-Ykr-2,IV-Ykr-2.129
1828,1,MBA3064386.1,III,III.387
1829,1,PHT98747.1,I-CD1,I-CD1.24
1830,2,WP_121444813.1,I-CD2,I-CD2.6
1831,2,QJX14021.1,I-CD1,I-CD1.10
1832,1,HGE40781.1,IV-NG3,IV-NG3.58
1833,3,KYH37845.1,IV-NG3,IV-NG3.26
1834,1,WP_085619556.1,IV-NonPhoto,IV-NonPhoto.390
1835,1,RLI82876.1,IV-Ykr-2,IV-Ykr-2.110
1836,1,WP_133236655.1,IV-NG1,IV-NG1.26
1837,1,VDD89158.1,III,III.52
1838,2,OYT28780.1,IV-NG3,IV-NG3.16
1839,1,WP_175772347.1,IV-NG1,IV-NG1.39
1840,1,WP_167044282.1,IV-NG2,IV-NG2.6
1841,2,WP_077549023.1,IV-NonPhoto,IV-NonPhoto.387
1842,1,PIT84221.1,Unknown,Unknown.25
1843,1,WP_073325515.1,IV-NonPhoto,IV-NonPhoto.102
1844,1,NVK35207.1,IV-NonPhoto,IV-NonPhoto.339
1845,1,VDD89089.1,Unknown,Unknown.52
1846,2,WP_015197096.1,IV-Ykr,IV-Ykr.17
1847,1,VDD88902.1,IV-Photo,IV-Photo.69
1848,1,WP_161257925.1,IV-Deep-Ykr,IV-Deep-Ykr.18
1849,1,RMH37353.1,IV-Deep-Ykr,IV-Deep-Ykr.68
1850,1,NNJ83507.1,IV-Deep-Ykr,IV-Deep-Ykr.49
1851,1,WP_138431538.1,IV-Deep-Ykr,IV-Deep-Ykr.284
1852,2,WP_143784222.1,IV-Deep-Ykr,IV-Deep-Ykr.235
1853,2,NJD67954.1,I-CD2,I-CD2.36
1854,1,WP_013542012.1,Unknown,Unknown.92
1855,1,WP_192534759.1,II,II.7
1856,1,TWT91049.1,IV-NonPhoto,IV-NonPhoto.344
1857,1,QDV74431.1,IV-NonPhoto,IV-NonPhoto.423
1858,1,TKJ25663.1,Unknown,Unknown.27
1859,1,WP_163336241.1,IV-NonPhoto,IV-NonPhoto.340
1860,1,TFG04138.1,Unknown,Unknown.22
1861,1,VDD89247.1,Unknown,Unknown.70
1862,1,OYT52763.1,III,III.244
1863,3,RLJ06804.1,III,III.76
1864,1,TARA_125.SAMEA2622822.5.0.22-0.45_1408834_6,IV-GOS,IV-GOS.26
1865,1,MSV64191.1,IV-Deep-Ykr,IV-Deep-Ykr.221
1866,1,WP_159693975.1,IV-Deep-Ykr,IV-Deep-Ykr.242
1867,1,MBE2276146.1,IV-Deep-Ykr,IV-Deep-Ykr.315
1868,1,HGY28750.1,IV-NG3,IV-NG3.44
1869,1,PTD93810.1,IV-NG3,IV-NG3.71
1870,1,WP_123401205.1,IV-Deep-Ykr,IV-Deep-Ykr.292
1871,1,QJX14019.1,I-CD1,I-CD1.16
1872,1,ACZ28625.1,II,II.37
1873,1,RIFCSPHIGHO2_02_FULL_OP11_39_11_rifcsphigho2_02_scaffold_11740_29,III,III.6
1874,3,RIFOXYA2_FULL_CP_40_8_rifoxya2_full_scaffold_343_36,IV-Ykr-2,IV-Ykr-2.6
1875,1,HHY70076.1,IV-Ykr-2,IV-Ykr-2.31
1876,1,MBC8333483.1,Unknown,Unknown.73
1877,1,HHM63936.1,III,III.158
1878,1,SEB66243.1,IV-NG2,IV-NG2.15
1879,2,WP_106339227.1,IV-NonPhoto,IV-NonPhoto.168
1880,1,VDD88842.1,III,III.261
1881,1,NBB78045.1,IV-NonPhoto,IV-NonPhoto.323
1882,1,MBE2270730.1,IV-NonPhoto,IV-NonPhoto.308
1883,2,AHM61158.1,IV-NonPhoto,IV-NonPhoto.110
1884,1,RLI85977.1,III,III.198
1885,1,VDD89050.1,III,III.273
1886,1,2503348889_GEI7407DRAFT_2389_2_3_diketo_5_methylthiopentyl_1_phosphate_enolase__EC_5.3.2.____IMGterm___Geitlerinema_sp._PCC_7407___Gsp7407_Contig121_,IV-Ykr,IV-Ykr.32
1887,1,NLC07942.1,IV-Deep-Ykr,IV-Deep-Ykr.37
1888,1,QJW46133.1,IV-Deep-Ykr,IV-Deep-Ykr.47
1889,1,WP_014433970.1,IV-Deep-Ykr,IV-Deep-Ykr.122
1890,1,PAW78407.1,IV-Deep-Ykr,IV-Deep-Ykr.208
1891,1,MPY74822.1,IV-Deep-Ykr,IV-Deep-Ykr.195
1892,1,WP_147662334.1,Unknown,Unknown.94
1893,1,RME00383.1,I-NG1,I-NG1.3
1894,3,HFC00319.1,II,II.36
1895,1,WP_091938331.1,IV-Photo,IV-Photo.44
1896,1,WP_085122225.1,IV-NonPhoto,IV-NonPhoto.412
1897,1,MBD3247629.1,III,III.153
1898,1,VDD88676.1,III,III.15
1899,1,VDD88941.1,III,III.456
1900,1,WP_037241019.1,IV-NonPhoto,IV-NonPhoto.180
1901,1,WP_191567218.1,IV-NG1,IV-NG1.32
1902,1,MBA3852833.1,IV-Photo,IV-Photo.49
1903,1,VDD89095.1,Unknown,Unknown.57
1904,1,RLG15067.1,III,III.266
1905,1,WP_142846808.1,IV-NonPhoto,IV-NonPhoto.438
1906,1,WP_076753936.1,IV-Photo,IV-Photo.41
1907,1,RLG56183.1,III,III.127
1908,5,TARA_125.SAMEA2622822.5.0.22-0.45_1037820_4,IV-GOS,IV-GOS.39
1909,1,MBD3197374.1,Unknown,Unknown.55
1910,1,MBC5809956.1,IV-Deep-Ykr,IV-Deep-Ykr.250
1911,1,WP_084572695.1,IV-Deep-Ykr,IV-Deep-Ykr.243
1912,1,NBO79458.1,IV-Deep-Ykr,IV-Deep-Ykr.44
1913,2,KUK67038.1,III,III.429
1914,1,WP_152362321.1,IV-NG2,IV-NG2.1
1915,1,NLK35957.1,IV-Ykr-2,IV-Ykr-2.116
1916,1,WP_137893761.1,IV-NonPhoto,IV-NonPhoto.31
1917,1,TFG17693.1,Unknown,Unknown.24
1918,1,NPD66655.1,IV-NonPhoto,IV-NonPhoto.400
1919,1,WP_106336363.1,IV-NonPhoto,IV-NonPhoto.128
1920,1,WP_114771920.1,IV-NonPhoto,IV-NonPhoto.337
1921,1,WP_090744023.1,IV-NonPhoto,IV-NonPhoto.278
1922,3,WP_159618341.1,IV-NG2,IV-NG2.8
1923,1,VDD88760.1,III,III.175
1924,1,NDF06096.1,IV-NonPhoto,IV-NonPhoto.317
1925,1,PIN78299.1,III,III.390
1926,1,PIE31794.1,IV-Deep-Ykr,IV-Deep-Ykr.189
1927,1,WP_114910699.1,IV-Deep-Ykr,IV-Deep-Ykr.219
1928,1,MSO43619.1,IV-Deep-Ykr,IV-Deep-Ykr.280
1929,1,TAN55019.1,IV-Deep-Ykr,IV-Deep-Ykr.273
1930,1,ADG67207.1,IV-Deep-Ykr,IV-Deep-Ykr.130
1931,2,MBA3583235.1,I-CD2,I-CD2.4
1932,1,WP_089728739.1,IV-NG1,IV-NG1.17
1933,1,NVM02905.1,IV-Ykr-2,IV-Ykr-2.49
1934,1,OLS23198.1,III,III.112
1935,1,WP_120676836.1,IV-NG2,IV-NG2.11
1936,1,WP_013866882.1,III,III.332
1937,1,WP_132672229.1,IV-NG2,IV-NG2.42
1938,1,WP_100346025.1,IV-NG2,IV-NG2.12
1939,1,WP_049620396.1,IV-Ykr-2,IV-Ykr-2.126
1940,1,WP_014461076.1,IV-Ykr,IV-Ykr.6
1941,1,VDD88963.1,III,III.29
1942,1,PIR20953.1,IV-Photo,IV-Photo.63
1943,1,WP_192533091.1,IV-Deep-Ykr,IV-Deep-Ykr.265
1944,1,WP_026607318.1,IV-Deep-Ykr,IV-Deep-Ykr.216
1945,15,CDF56921.1,I-A,I-A.14
1946,1,HIH14436.1,III,III.262
1947,1,VDD89261.1,III,III.399
1948,1,WP_067756147.1,IV-NonPhoto,IV-NonPhoto.326
1949,1,EMS72223.1,IV-Ykr-2,IV-Ykr-2.95
1950,1,VVB54808.1,III,III.313
1951,2,WP_172361247.1,III,III.235
1952,1,VDD88761.1,III,III.144
1953,1,NMM43692.1,IV-NonPhoto,IV-NonPhoto.208
1954,1,WP_111090721.1,IV-NG2,IV-NG2.21
1955,1,PHU30799.1,I-CD1,I-CD1.26
1956,1,WP_108485138.1,IV-Deep-Ykr,IV-Deep-Ykr.355
1957,2,WP_133358751.1,IV-Deep-Ykr,IV-Deep-Ykr.386
1958,1,VDD88878.1,III,III.409
1959,1,PHT34507.1,I-CD1,I-CD1.35
1960,1,HED15099.1,II,II.21
1961,1,NLD25125.1,II-III,II-III.15
1962,1,NTW72243.1,IV-Ykr-2,IV-Ykr-2.39
1963,1,WP_054211708.1,IV-NonPhoto,IV-NonPhoto.417
1964,1,NQD91538.1,IV-NonPhoto,IV-NonPhoto.85
1965,1,HCA85972.1,IV-NG2,IV-NG2.39
1966,1,QPC42817.1,IV-NonPhoto,IV-NonPhoto.54
1967,1,HGG68638.1,Unknown,Unknown.59
1968,1,WP_046444616.1,Unknown,Unknown.97
1969,1,MQY83333.1,III,III.96
1970,1,VDD89223.1,III,III.21
1971,1,RLI97578.1,III,III.379
1972,1,WP_058553465.1,IV-Deep-Ykr,IV-Deep-Ykr.79
1973,1,MBA2691377.1,I-CD2,I-CD2.28
1974,1,WP_117603172.1,IV-Ykr-2,IV-Ykr-2.25
1975,1,HGC57086.1,III,III.18
1976,3,TARA_037.SAMEA2619974.600.0.1-0.22_28251_2,III,III.471
1977,1,RLG12276.1,III,III.294
1978,1,RBG_16_Chloroflexi_54_18_RBG_16_scaffold_1503_37,IV-Ykr-2,IV-Ykr-2.10
1979,1,WP_062226830.1,IV-NonPhoto,IV-NonPhoto.371
1980,1,AEJ40699.1,IV-Ykr,IV-Ykr.20
1981,1,WP_018629951.1,IV-NonPhoto,IV-NonPhoto.113
1982,1,HDQ08127.1,IV-NG3,IV-NG3.52
1983,1,KAF3622088.1,I-CD1,I-CD1.48
1984,1,NLD40919.1,IV-Deep-Ykr,IV-Deep-Ykr.270
1985,6,AAC02915.1,I-CD2,I-CD2.66
1986,1,NOX71968.1,III,III.254
1987,1,VDD88880.1,III,III.197
1988,1,VDD88980.1,III,III.263
1989,1,WP_161137375.1,IV-NonPhoto,IV-NonPhoto.207
1990,1,NOQ38348.1,III,III.150
1991,1,AFY57639.1,IV-Ykr,IV-Ykr.10
1992,3,TARA_046.SAMEA2620384.5.0-0.22_446_39,IV-GOS,IV-GOS.15
1993,1,MBA3947676.1,IV-Deep-Ykr,IV-Deep-Ykr.32
1994,1,PWH13205.1,IV-Deep-Ykr,IV-Deep-Ykr.13
1995,1,TARA_141.SAMEA2623446.5.0.22-3_596447_8,IV-GOS,IV-GOS.75
1996,1,WP_163139343.1,IV-Deep-Ykr,IV-Deep-Ykr.337
1997,1,HGV62305.1,IV-NonPhoto,IV-NonPhoto.415
1998,1,RBG_13_Archaea_46_16b_RBG_13_scaffold_4070_13,III,III.3
1999,1,VDD88971.1,III,III.441
2000,1,KJR41047.1,IV-Deep-Ykr,IV-Deep-Ykr.67
2001,244,YP_009773639.1,I-CD1,I-CD1.5
2002,2,QOH25810.1,I-CD1,I-CD1.9
2003,1,NPA38258.1,III,III.416
2004,1,VDD88659.1,III,III.430
2005,1,HHV58278.1,IV-Ykr-2,IV-Ykr-2.64
2006,1,RZL51963.1,IV-NonPhoto,IV-NonPhoto.285
2007,1,WP_012500248.1,IV-Photo,IV-Photo.26
2008,1,WP_026848175.1,IV-Photo,IV-Photo.33
2009,1,OPY22161.1,III,III.406
2010,1,NDJ11484.1,IV-NonPhoto,IV-NonPhoto.28
2011,1,WP_088151567.1,IV-NonPhoto,IV-NonPhoto.141
2012,1,WP_133867424.1,IV-NonPhoto,IV-NonPhoto.148
2013,1,WP_119076514.1,IV-NG2,IV-NG2.9
2014,2,WP_129070495.1,III,III.280
2015,1,WP_012749526.1,IV-Ykr,IV-Ykr.3
2016,2,HGA37885.1,III,III.124
2017,1,HDR73632.1,IV-NG3,IV-NG3.49
2018,1,VDD88990.1,III,III.300
2019,1,NOY55689.1,IV-Deep-Ykr,IV-Deep-Ykr.365
2020,1,TVQ66825.1,IV-Deep-Ykr,IV-Deep-Ykr.151
2021,1,RLF31686.1,IV-NG3,IV-NG3.74
2022,1,NCN86423.1,II-III,II-III.22
2023,1,VVB74081.1,III,III.381
2024,2,TARA_037.SAMEA2619974.600.0.1-0.22_2908_29,III,III.472
2025,1,RIFCSPLOWO2_02_FULL_Gammaproteobacteria_61_13_rifcsplowo2_02_scaffold_27007_16,IV-Photo,IV-Photo.6
2026,2,WP_107828764.1,IV-NonPhoto,IV-NonPhoto.161
2027,1,NOK78988.1,IV-NonPhoto,IV-NonPhoto.7
2028,1,VDD88910.1,III,III.344
2029,1,NMC76503.1,III,III.445
2030,1,PYP20034.1,IV-Deep-Ykr,IV-Deep-Ykr.272
2031,1,TVQ03382.1,IV-Deep-Ykr,IV-Deep-Ykr.157
2032,1,MBC8048713.1,IV-Deep-Ykr,IV-Deep-Ykr.329
2033,1,ONM23708.1,I-A,I-A.19
2034,1,NOQ55948.1,II-III,II-III.20
2035,1,TMJ97391.1,Unknown,Unknown.86
2036,1,RME08239.1,I-NG1,I-NG1.4
2037,1,KAF7800411.1,I-CD1,I-CD1.23
2038,1,HGU93835.1,III,III.383
2039,1,TVQ67532.1,IV-Deep-Ykr,IV-Deep-Ykr.343
2040,2,HGM84239.1,IV-Ykr-2,IV-Ykr-2.38
2041,1,WP_139664886.1,IV-NonPhoto,IV-NonPhoto.49
2042,1,KPV64794.1,IV-NG3,IV-NG3.32
2043,1,WP_102654017.1,IV-NonPhoto,IV-NonPhoto.306
2044,1,VDD88946.1,III,III.138
2045,2,RBG_16_Archaea_36_9_RBG_16_scaffold_36_87,III,III.2
2046,2,OIO15311.1,Unknown,Unknown.71
2047,1,RZK38972.1,IV-NonPhoto,IV-NonPhoto.258
2048,1,TKJ46142.1,IV-Ykr-2,IV-Ykr-2.70
2049,1,WP_004077508.1,IV-NG3,IV-NG3.39
2050,1,NMC80470.1,IV-Ykr-2,IV-Ykr-2.99
2051,1,NLF50140.1,IV-Deep-Ykr,IV-Deep-Ykr.27
2052,1,NNN04734.1,IV-Deep-Ykr,IV-Deep-Ykr.237
2053,1,NUN50362.1,IV-Photo,IV-Photo.73
2054,1,WP_141990967.1,IV-Deep-Ykr,IV-Deep-Ykr.318
2055,1,GEU59267.1,I-A,I-A.21
2056,2,WP_106820155.1,IV-Deep-Ykr,IV-Deep-Ykr.95
2057,2,VDD89108.1,Unknown,Unknown.64
2058,4,RIFCSPLOWO2_02_FULL_CP_40_36_rifcsplowo2_02_scaffold_119_44,IV-Photo,IV-Photo.5
2059,1,VDD88723.1,III,III.22
2060,1,MSU90322.1,IV-NonPhoto,IV-NonPhoto.109
2061,1,GEV01554.1,I-CD1,I-CD1.50
2062,1,PHT78021.1,I-CD1,I-CD1.7
2063,1,WP_070365036.1,III,III.220
2064,1,TARA_076.SAMEA2621203.5.0.22-0.45_2184309_5,IV-GOS,IV-GOS.49
2065,1,WP_185796031.1,IV-NonPhoto,IV-NonPhoto.275
2066,1,SEP26566.1,IV-GOS,IV-GOS.3
2067,1,HEU31633.1,III,III.448
2068,1,NQX79830.1,IV-Deep-Ykr,IV-Deep-Ykr.324
2069,1,WP_102866765.1,IV-Deep-Ykr,IV-Deep-Ykr.92
2070,1,HGP04801.1,IV-Unknown,IV-Unknown.16
2071,1,PIN88808.1,II-III,II-III.12
2072,1,KAE8720947.1,I-CD1,I-CD1.43
2073,1,MBD3351158.1,IV-Ykr-2,IV-Ykr-2.55
2074,1,WP_114296562.1,IV-GOS,IV-GOS.5
2075,1,WP_116660366.1,IV-NonPhoto,IV-NonPhoto.241
2076,1,QHQ36049.1,IV-NonPhoto,IV-NonPhoto.330
2077,1,WP_046863004.1,IV-NonPhoto,IV-NonPhoto.198
2078,2,NMB48515.1,Unknown,Unknown.44
2079,1,QIE56686.1,IV-NonPhoto,IV-NonPhoto.427
2080,1,WP_136684208.1,IV-NonPhoto,IV-NonPhoto.305
2081,1,HGI02803.1,III,III.61
2082,1,HBR50750.1,IV-Deep-Ykr,IV-Deep-Ykr.249
2083,1,WP_106572864.1,IV-Deep-Ykr,IV-Deep-Ykr.266
2084,2,TARA_152.SAMEA2623886.5.0.22-3_2580620_19,IV-GOS,IV-GOS.87
2085,1,WP_052026957.1,IV-Deep-Ykr,IV-Deep-Ykr.198
2086,1,MBD3616489.1,IV-Deep-Ykr,IV-Deep-Ykr.134
2087,1,WP_007427956.1,IV-Deep-Ykr,IV-Deep-Ykr.388
2088,2,VDD88905.1,III,III.338
2089,1,AAG37859.1,II,II.48
2090,1,HGN93567.1,III,III.358
2091,1,RLF70108.1,III,III.377
2092,1,VDD88794.1,III,III.10
2093,2,CAA9481800.1,IV-NonPhoto,IV-NonPhoto.200
2094,1,WP_162539729.1,IV-NonPhoto,IV-NonPhoto.34
2095,1,VDD89257.1,III,III.245
2096,1,VDD88984.1,III,III.449
2097,2,OQX71398.1,Unknown,Unknown.50
2098,1,NCW45804.1,IV-Photo,IV-Photo.60
2099,2,WP_072336715.1,IV-NG1,IV-NG1.11
2100,1,TARA_037.SAMEA2619974.600.0.1-0.22_13989_2,IV-GOS,IV-GOS.69
2101,1,WP_043748008.1,IV-Deep-Ykr,IV-Deep-Ykr.139
2102,1,WP_008030177.1,IV-Deep-Ykr,IV-Deep-Ykr.331
2103,3,ATZ81744.1,I-CD1,I-CD1.6
2104,1,WP_076400097.1,II,II.8
2105,1,WP_014778407.1,IV-Photo,IV-Photo.52
2106,2,MBE6831264.1,IV-Ykr-2,IV-Ykr-2.52
2107,1,PHU00562.1,I-CD1,I-CD1.14
2108,1,VDD89138.1,III,III.23
2109,1,WP_009149443.1,IV-Photo,IV-Photo.45
2110,10,AAF97678.1,I-CD1,I-CD1.12
2111,1,WP_124961258.1,IV-NonPhoto,IV-NonPhoto.273
2112,1,WP_171655048.1,IV-NG1,IV-NG1.33
2113,1,WP_042706367.1,IV-NG3,IV-NG3.56
2114,1,TARA_109.SAMEA2622357.30.0-0.22_38_26,IV-GOS,IV-GOS.67
2115,2,WP_090309406.1,IV-Ykr-2,IV-Ykr-2.97
2116,2,MAE49717.1,III,III.16
2117,1,MBD3210735.1,III,III.107
2118,1,MBD3260124.1,III,III.217
2119,1,WP_134512914.1,IV-NG2,IV-NG2.34
2120,1,VDD89078.1,III,III.264
2121,1,WP_007776480.1,IV-Ykr,IV-Ykr.8
2122,1,VDD88725.1,III,III.187
2123,1,HAM50023.1,IV-Deep-Ykr,IV-Deep-Ykr.77
2124,1,WP_108641907.1,IV-Deep-Ykr,IV-Deep-Ykr.390
2125,1,WP_143957321.1,IV-Deep-Ykr,IV-Deep-Ykr.239
2126,1,MBC7634588.1,IV-Deep-Ykr,IV-Deep-Ykr.257
2127,1,PHU00567.1,I-CD1,I-CD1.25
2128,1,HGH78697.1,III,III.402
2129,1,WP_018698469.1,IV-NonPhoto,IV-NonPhoto.105
2130,1,VDD88977.1,III,III.179
2131,2,MAG50574.1,III,III.92
2132,1,MBC7528381.1,IV-NonPhoto,IV-NonPhoto.169
2133,1,WP_049992990.1,III,III.205
2134,1,NPA76941.1,III,III.306
2135,1,VDD88985.1,III,III.189
2136,1,WP_012575543.1,IV-Ykr,IV-Ykr.4
2137,1,WP_183968890.1,IV-Deep-Ykr,IV-Deep-Ykr.309
2138,1,WP_096693007.1,IV-Ykr,IV-Ykr.22
2139,1,TCN38315.1,IV-NG2,IV-NG2.46
2140,1,TARA_052.SAMEA2620542.5.0.22-1.6_2455572_5,IV-GOS,IV-GOS.9
2141,1,PHS23106.1,I-A,I-A.4
2142,1,VDD89235.1,III,III.439
2143,1,RLG84779.1,IV-Ykr-2,IV-Ykr-2.44
2144,2,TARA_037.SAMEA2619974.600.0.1-0.22_6329_9,III,III.485
2145,1,WP_085752035.1,IV-NonPhoto,IV-NonPhoto.187
2146,1,WP_104705209.1,IV-NonPhoto,IV-NonPhoto.441
2147,1,VDD88809.1,III,III.310
2148,1,NIP40601.1,III,III.200
2149,1,WP_111341262.1,IV-NonPhoto,IV-NonPhoto.362
2150,1,WP_137184139.1,IV-NG1,IV-NG1.19
2151,1,NUE03361.1,III,III.250
2152,1,VDD89129.1,III,III.316
2153,1,WP_158253092.1,IV-NG2,IV-NG2.14
2154,1,NVM02173.1,Unknown,Unknown.46
2155,1,GWC2_Chloroflexi_73_18_gwc2_scaffold_12078_2,IV-Ykr-2,IV-Ykr-2.1
2156,1,TVS18710.1,IV-Deep-Ykr,IV-Deep-Ykr.84
2157,1,NRA58010.1,IV-Deep-Ykr,IV-Deep-Ykr.349
2158,1,WP_007253674.1,IV-Deep-Ykr,IV-Deep-Ykr.396
2159,1,VDD88909.1,III,III.336
2160,1,VDD89027.1,III,III.376
2161,1,VVB74224.1,III,III.301
2162,1,AAO49753.1,I-CD2,I-CD2.70
2163,1,VDD88684.1,III,III.207
2164,1,NBQ86042.1,IV-NonPhoto,IV-NonPhoto.76
2165,1,WP_169128432.1,IV-NonPhoto,IV-NonPhoto.53
2166,1,WP_168459723.1,IV-NonPhoto,IV-NonPhoto.364
2167,1,VDD89165.1,III,III.8
2168,1,WP_019937668.1,IV-NonPhoto,IV-NonPhoto.68
2169,1,WP_035073531.1,IV-NonPhoto,IV-NonPhoto.393
2170,1,PIU59675.1,III,III.59
2171,1,RLI95896.1,III,III.84
2172,1,HBY96410.1,I-Banda,I-Banda.3
2173,1,NLX50207.1,IV-NG3,IV-NG3.77
2174,1,NWF94757.1,IV-Ykr-2,IV-Ykr-2.18
2175,2,WP_164453914.1,IV-Deep-Ykr,IV-Deep-Ykr.103
2176,1,WP_091362772.1,IV-Deep-Ykr,IV-Deep-Ykr.335
2177,1,NUM45912.1,IV-Deep-Ykr,IV-Deep-Ykr.60
2178,1,VDD89216.1,Unknown,Unknown.85
2179,1,VDS11158.1,IV-Photo,IV-Photo.62
2180,1,WP_091652712.1,IV-Deep-Ykr,IV-Deep-Ykr.156
2181,1,MSO69805.1,IV-Deep-Ykr,IV-Deep-Ykr.348
2182,1,MBD5657396.1,I-CD2,I-CD2.55
2183,1,OPY85882.1,IV-Unknown,IV-Unknown.19
2184,1,VVB75776.1,III,III.343
2185,2,OGP88975.1,IV-Ykr-2,IV-Ykr-2.113
2186,1,RLE41930.1,III,III.251
2187,1,MBC7085931.1,III,III.414
2188,1,HGX68117.1,Unknown,Unknown.68
2189,1,VDD88991.1,III,III.154
2190,1,WP_133768396.1,IV-NonPhoto,IV-NonPhoto.35
2191,1,WP_076526634.1,IV-NonPhoto,IV-NonPhoto.127
2192,2,WP_172363311.1,IV-NonPhoto,IV-NonPhoto.210
2193,1,WP_062766009.1,IV-NonPhoto,IV-NonPhoto.56
2194,1,WP_014599975.1,IV-Ykr,IV-Ykr.2
2195,1,WP_062421145.1,IV-Deep-Ykr,IV-Deep-Ykr.15
2196,1,WP_014779415.1,IV-Deep-Ykr,IV-Deep-Ykr.104
2197,1,PYO13490.1,IV-Deep-Ykr,IV-Deep-Ykr.125
2198,1,HHW97344.1,IV-Deep-Ykr,IV-Deep-Ykr.78
2199,1,WP_005001686.1,IV-Deep-Ykr,IV-Deep-Ykr.155
2200,1,WP_013156870.1,IV-Deep-Ykr,IV-Deep-Ykr.218
2201,1,MBA2281888.1,I-CD2,I-CD2.18
2202,1,VDD88768.1,III,III.428
2203,1,MBD3329572.1,Unknown,Unknown.60
2204,1,QLJ53197.1,III,III.193
2205,1,MBD3228099.1,IV-NG3,IV-NG3.21
2206,2,RIFCSPLOWO2_12_FULL_Betaproteobacteria_65_14_rifcsplowo2_12_scaffold_526_61,IV-NonPhoto,IV-NonPhoto.1
2207,1,MBC7811166.1,IV-NonPhoto,IV-NonPhoto.408
2208,1,NDJ61695.1,IV-NonPhoto,IV-NonPhoto.112
2209,1,VDD88994.1,Unknown,Unknown.58
2210,1,VDD89042.1,III,III.285
2211,1,RLI46410.1,III,III.226
2212,1,TARA_072.SAMEA2621151.5.0-0.22_7376_5,I-A,I-A.25
2213,1,RLF58014.1,III,III.146
2214,1,PIE20009.1,IV-Deep-Ykr,IV-Deep-Ykr.197
2215,1,TARA_048.SAMEA2620413.5.0.1-0.22_946165_3,IV-GOS,IV-GOS.41
2216,1,WP_109677472.1,IV-Deep-Ykr,IV-Deep-Ykr.313
2217,1,ODS59240.1,IV-Deep-Ykr,IV-Deep-Ykr.294
2218,1,MBE0529848.1,IV-Deep-Ykr,IV-Deep-Ykr.372
2219,1,TARA_145.SAMEA2623627.5.0.22-3_1990852_5,IV-Deep-Ykr,IV-Deep-Ykr.410
2220,1,TARA_039.SAMEA2620106.270.0.1-0.22_4721_4,IV-GOS,IV-GOS.8
2221,1,RMF04955.1,I-Banda,I-Banda.4
2222,1,WP_094013730.1,IV-NG1,IV-NG1.40
2223,1,cg1_0.2_scaffold_14140_c_5,IV-Ykr-2,IV-Ykr-2.5
2224,1,WP_047907182.1,IV-NonPhoto,IV-NonPhoto.366
2225,1,WP_148813884.1,IV-NonPhoto,IV-NonPhoto.138
2226,1,HHS99014.1,III,III.293
2227,1,WP_138194607.1,IV-NG1,IV-NG1.35
2228,1,NOZ59040.1,III,III.70
2229,1,PIU65234.1,IV-Unknown,IV-Unknown.17
2230,1,TARA_076.SAMEA2621229.150.0-0.22_423110_5,IV-GOS,IV-GOS.52
2231,1,MBA4398640.1,IV-Deep-Ykr,IV-Deep-Ykr.56
2232,1,WP_184046879.1,IV-Deep-Ykr,IV-Deep-Ykr.204
2233,1,KKC32240.1,IV-Deep-Ykr,IV-Deep-Ykr.172
2234,1,PCJ89062.1,IV-Deep-Ykr,IV-Deep-Ykr.183
2235,1,WP_158816386.1,IV-Deep-Ykr,IV-Deep-Ykr.330
2236,1,WP_006787778.1,IV-Deep-Ykr,IV-Deep-Ykr.150
2237,1,VDD89110.1,III,III.283
2238,1,GWC2_Gemmamonadetes_71_9_gwc2_scaffold_9002_13,IV-Deep-Ykr,IV-Deep-Ykr.4
2239,1,CDF56934.1,Unknown,Unknown.101
2240,1,KAF3772838.1,I-CD1,I-CD1.22
2241,1,HDX57131.1,Unknown,Unknown.84
2242,1,WP_096406537.1,I-A,I-A.5
2243,2,RIFOXYB12_FULL_Lentisphaerae_65_16_rifoxyb3_full_scaffold_312_41,IV-Unknown,IV-Unknown.5
2244,1,PIU55043.1,IV-Photo,IV-Photo.8
2245,1,HGF55815.1,Unknown,Unknown.29
2246,1,WP_188497600.1,IV-NG1,IV-NG1.28
2247,1,WP_092846784.1,IV-NonPhoto,IV-NonPhoto.347
2248,1,WP_088956933.1,IV-NonPhoto,IV-NonPhoto.69
2249,1,WP_013660764.1,IV-NonPhoto,IV-NonPhoto.129
2250,2,TARA_068.SAMEA2621061.50.0-0.22_714_15,IV-GOS,IV-GOS.48
2251,1,VDD88771.1,III,III.437
2252,1,TARA_125.SAMEA2622837.140.0.22-3_137106_7,IV-Unknown,IV-Unknown.20
2253,1,TARA_038.SAMEA2620014.5.0-0.22_8457_6,IV-GOS,IV-GOS.58
2254,1,NGP75567.1,IV-Deep-Ykr,IV-Deep-Ykr.171
